application_id;spr_features_id;create_date;request_type;status
7308;1;04.03.2023 0:00;SHORT_APPLICATION;DECLINE
7309;2;04.03.2023 0:01;SHORT_APPLICATION;DECLINE
7310;3;04.03.2023 0:02;SHORT_APPLICATION;NEXT
7311;4;04.03.2023 0:03;SHORT_APPLICATION;NEXT
7312;5;04.03.2023 0:04;SHORT_APPLICATION;DECLINE
7313;6;04.03.2023 0:05;SHORT_APPLICATION;NEXT
7314;7;04.03.2023 0:06;SHORT_APPLICATION;NEXT
7315;8;04.03.2023 0:07;SHORT_APPLICATION;NEXT
7316;9;04.03.2023 0:08;SHORT_APPLICATION;NEXT
7317;10;04.03.2023 0:09;SHORT_APPLICATION;NEXT
7318;11;04.03.2023 0:10;SHORT_APPLICATION;NEXT
7319;12;04.03.2023 0:11;SHORT_APPLICATION;NEXT
7320;13;04.03.2023 0:12;SHORT_APPLICATION;NEXT
7321;14;04.03.2023 0:13;SHORT_APPLICATION;DECLINE
7310;15;04.03.2023 0:13;FULL_APPLICATION;DECLINE
7322;16;04.03.2023 0:14;SHORT_APPLICATION;NEXT
7323;17;04.03.2023 0:15;SHORT_APPLICATION;DECLINE
7324;18;04.03.2023 0:16;SHORT_APPLICATION;NEXT
7320;19;04.03.2023 0:16;FULL_APPLICATION;DECLINE
7325;20;04.03.2023 0:17;SHORT_APPLICATION;DECLINE
7326;21;04.03.2023 0:18;SHORT_APPLICATION;NEXT
7327;22;04.03.2023 0:19;SHORT_APPLICATION;NEXT
7328;23;04.03.2023 0:20;SHORT_APPLICATION;NEXT
7317;24;04.03.2023 0:20;FULL_APPLICATION;APPROVE
7329;25;04.03.2023 0:21;SHORT_APPLICATION;NEXT
7330;26;04.03.2023 0:22;SHORT_APPLICATION;NEXT
7331;27;04.03.2023 0:23;SHORT_APPLICATION;NEXT
7332;28;04.03.2023 0:24;SHORT_APPLICATION;DECLINE
7318;29;04.03.2023 0:24;FULL_APPLICATION;DECLINE
7333;30;04.03.2023 0:25;SHORT_APPLICATION;NEXT
7334;31;04.03.2023 0:26;SHORT_APPLICATION;NEXT
7314;32;04.03.2023 0:26;FULL_APPLICATION;DECLINE
7316;33;04.03.2023 0:26;FULL_APPLICATION;APPROVE
7322;34;04.03.2023 0:26;FULL_APPLICATION;APPROVE
7335;35;04.03.2023 0:27;SHORT_APPLICATION;NEXT
7336;36;04.03.2023 0:28;SHORT_APPLICATION;NEXT
7337;37;04.03.2023 0:29;SHORT_APPLICATION;DECLINE
7338;38;04.03.2023 0:30;SHORT_APPLICATION;NEXT
7333;39;04.03.2023 0:30;FULL_APPLICATION;APPROVE
7339;40;04.03.2023 0:31;SHORT_APPLICATION;DECLINE
7340;41;04.03.2023 0:32;SHORT_APPLICATION;NEXT
7341;42;04.03.2023 0:33;SHORT_APPLICATION;NEXT
7342;43;04.03.2023 0:34;SHORT_APPLICATION;NEXT
7341;44;04.03.2023 0:34;FULL_APPLICATION;DECLINE
7343;45;04.03.2023 0:35;SHORT_APPLICATION;NEXT
7344;46;04.03.2023 0:36;SHORT_APPLICATION;NEXT
7345;47;04.03.2023 0:37;SHORT_APPLICATION;NEXT
7346;48;04.03.2023 0:38;SHORT_APPLICATION;NEXT
7319;49;04.03.2023 0:38;FULL_APPLICATION;DECLINE
7347;50;04.03.2023 0:39;SHORT_APPLICATION;NEXT
7311;51;04.03.2023 0:39;FULL_APPLICATION;DECLINE
7342;52;04.03.2023 0:39;FULL_APPLICATION;DECLINE
7348;53;04.03.2023 0:40;SHORT_APPLICATION;DECLINE
7338;54;04.03.2023 0:40;FULL_APPLICATION;DECLINE
7349;55;04.03.2023 0:41;SHORT_APPLICATION;DECLINE
7350;56;04.03.2023 0:42;SHORT_APPLICATION;NEXT
7336;57;04.03.2023 0:42;FULL_APPLICATION;DECLINE
7351;58;04.03.2023 0:43;SHORT_APPLICATION;DECLINE
7324;59;04.03.2023 0:43;FULL_APPLICATION;APPROVE
7352;60;04.03.2023 0:44;SHORT_APPLICATION;NEXT
7353;61;04.03.2023 0:45;SHORT_APPLICATION;NEXT
7335;62;04.03.2023 0:45;FULL_APPLICATION;APPROVE
7354;63;04.03.2023 0:46;SHORT_APPLICATION;NEXT
7355;64;04.03.2023 0:47;SHORT_APPLICATION;NEXT
7356;65;04.03.2023 0:48;SHORT_APPLICATION;NEXT
7313;66;04.03.2023 0:48;FULL_APPLICATION;DECLINE
7329;67;04.03.2023 0:48;FULL_APPLICATION;DECLINE
7331;68;04.03.2023 0:48;FULL_APPLICATION;DECLINE
7357;69;04.03.2023 0:49;SHORT_APPLICATION;NEXT
7358;70;04.03.2023 0:50;SHORT_APPLICATION;DECLINE
7315;71;04.03.2023 0:50;FULL_APPLICATION;DECLINE
7359;72;04.03.2023 0:51;SHORT_APPLICATION;NEXT
7360;73;04.03.2023 0:52;SHORT_APPLICATION;NEXT
7361;74;04.03.2023 0:53;SHORT_APPLICATION;NEXT
7346;75;04.03.2023 0:53;FULL_APPLICATION;APPROVE
7362;76;04.03.2023 0:54;SHORT_APPLICATION;NEXT
7363;77;04.03.2023 0:55;SHORT_APPLICATION;NEXT
7327;78;04.03.2023 0:55;FULL_APPLICATION;DECLINE
7364;79;04.03.2023 0:56;SHORT_APPLICATION;DECLINE
7330;80;04.03.2023 0:56;FULL_APPLICATION;DECLINE
7365;81;04.03.2023 0:57;SHORT_APPLICATION;NEXT
7328;82;04.03.2023 0:57;FULL_APPLICATION;DECLINE
7347;83;04.03.2023 0:57;FULL_APPLICATION;APPROVE
7366;84;04.03.2023 0:58;SHORT_APPLICATION;NEXT
7367;85;04.03.2023 0:59;SHORT_APPLICATION;NEXT
7359;86;04.03.2023 0:59;FULL_APPLICATION;DECLINE
7355;87;04.03.2023 0:59;FULL_APPLICATION;DECLINE
7368;88;04.03.2023 1:00;SHORT_APPLICATION;NEXT
7350;89;04.03.2023 1:00;FULL_APPLICATION;DECLINE
7340;90;04.03.2023 1:00;FULL_APPLICATION;APPROVE
7369;91;04.03.2023 1:01;SHORT_APPLICATION;NEXT
7326;92;04.03.2023 1:01;FULL_APPLICATION;DECLINE
7370;93;04.03.2023 1:02;SHORT_APPLICATION;NEXT
7371;94;04.03.2023 1:03;SHORT_APPLICATION;NEXT
7372;95;04.03.2023 1:04;SHORT_APPLICATION;NEXT
7354;96;04.03.2023 1:04;FULL_APPLICATION;DECLINE
7373;97;04.03.2023 1:05;SHORT_APPLICATION;NEXT
7374;98;04.03.2023 1:06;SHORT_APPLICATION;NEXT
7334;99;04.03.2023 1:06;FULL_APPLICATION;DECLINE
7375;100;04.03.2023 1:07;SHORT_APPLICATION;NEXT
7376;101;04.03.2023 1:08;SHORT_APPLICATION;NEXT
7377;102;04.03.2023 1:09;SHORT_APPLICATION;DECLINE
7378;103;04.03.2023 1:10;SHORT_APPLICATION;NEXT
7379;104;04.03.2023 1:11;SHORT_APPLICATION;NEXT
7352;105;04.03.2023 1:11;FULL_APPLICATION;APPROVE
7380;106;04.03.2023 1:12;SHORT_APPLICATION;NEXT
7381;107;04.03.2023 1:13;SHORT_APPLICATION;NEXT
7370;108;04.03.2023 1:13;FULL_APPLICATION;APPROVE
7382;109;04.03.2023 1:14;SHORT_APPLICATION;NEXT
7357;110;04.03.2023 1:14;FULL_APPLICATION;APPROVE
7383;111;04.03.2023 1:15;SHORT_APPLICATION;NEXT
7343;112;04.03.2023 1:15;FULL_APPLICATION;DECLINE
7384;113;04.03.2023 1:16;SHORT_APPLICATION;NEXT
7344;114;04.03.2023 1:16;FULL_APPLICATION;DECLINE
7385;115;04.03.2023 1:17;SHORT_APPLICATION;NEXT
7378;116;04.03.2023 1:17;FULL_APPLICATION;DECLINE
7386;117;04.03.2023 1:18;SHORT_APPLICATION;NEXT
7366;118;04.03.2023 1:18;FULL_APPLICATION;DECLINE
7387;119;04.03.2023 1:19;SHORT_APPLICATION;DECLINE
7362;120;04.03.2023 1:19;FULL_APPLICATION;DECLINE
7388;121;04.03.2023 1:20;SHORT_APPLICATION;NEXT
7345;122;04.03.2023 1:20;FULL_APPLICATION;DECLINE
7389;123;04.03.2023 1:21;SHORT_APPLICATION;NEXT
7390;124;04.03.2023 1:22;SHORT_APPLICATION;NEXT
7356;125;04.03.2023 1:22;FULL_APPLICATION;APPROVE
7391;126;04.03.2023 1:23;SHORT_APPLICATION;NEXT
7368;127;04.03.2023 1:23;FULL_APPLICATION;DECLINE
7367;128;04.03.2023 1:23;FULL_APPLICATION;DECLINE
7392;129;04.03.2023 1:24;SHORT_APPLICATION;NEXT
7380;130;04.03.2023 1:24;FULL_APPLICATION;DECLINE
7393;131;04.03.2023 1:25;SHORT_APPLICATION;NEXT
7353;132;04.03.2023 1:25;FULL_APPLICATION;APPROVE
7394;133;04.03.2023 1:26;SHORT_APPLICATION;DECLINE
7395;134;04.03.2023 1:27;SHORT_APPLICATION;NEXT
7361;135;04.03.2023 1:27;FULL_APPLICATION;DECLINE
7396;136;04.03.2023 1:28;SHORT_APPLICATION;NEXT
7376;137;04.03.2023 1:28;FULL_APPLICATION;DECLINE
7371;138;04.03.2023 1:28;FULL_APPLICATION;DECLINE
7397;139;04.03.2023 1:29;SHORT_APPLICATION;NEXT
7374;140;04.03.2023 1:29;FULL_APPLICATION;DECLINE
7398;141;04.03.2023 1:30;SHORT_APPLICATION;NEXT
7375;142;04.03.2023 1:30;FULL_APPLICATION;APPROVE
7360;143;04.03.2023 1:30;FULL_APPLICATION;APPROVE
7399;144;04.03.2023 1:31;SHORT_APPLICATION;NEXT
7400;145;04.03.2023 1:32;SHORT_APPLICATION;NEXT
7401;146;04.03.2023 1:33;SHORT_APPLICATION;NEXT
7363;147;04.03.2023 1:33;FULL_APPLICATION;DECLINE
7402;148;04.03.2023 1:34;SHORT_APPLICATION;DECLINE
7365;149;04.03.2023 1:34;FULL_APPLICATION;DECLINE
7403;150;04.03.2023 1:35;SHORT_APPLICATION;NEXT
7369;151;04.03.2023 1:35;FULL_APPLICATION;DECLINE
7401;152;04.03.2023 1:35;FULL_APPLICATION;DECLINE
7404;153;04.03.2023 1:36;SHORT_APPLICATION;NEXT
7405;154;04.03.2023 1:37;SHORT_APPLICATION;NEXT
7406;155;04.03.2023 1:38;SHORT_APPLICATION;NEXT
7379;156;04.03.2023 1:38;FULL_APPLICATION;APPROVE
7405;157;04.03.2023 1:38;FULL_APPLICATION;DECLINE
7372;158;04.03.2023 1:38;FULL_APPLICATION;DECLINE
7407;159;04.03.2023 1:39;SHORT_APPLICATION;NEXT
7395;160;04.03.2023 1:39;FULL_APPLICATION;DECLINE
7408;161;04.03.2023 1:40;SHORT_APPLICATION;NEXT
7383;162;04.03.2023 1:40;FULL_APPLICATION;DECLINE
7409;163;04.03.2023 1:41;SHORT_APPLICATION;NEXT
7381;164;04.03.2023 1:41;FULL_APPLICATION;APPROVE
7384;165;04.03.2023 1:41;FULL_APPLICATION;DECLINE
7410;166;04.03.2023 1:42;SHORT_APPLICATION;NEXT
7411;167;04.03.2023 1:43;SHORT_APPLICATION;NEXT
7396;168;04.03.2023 1:43;FULL_APPLICATION;DECLINE
7399;169;04.03.2023 1:43;FULL_APPLICATION;DECLINE
7412;170;04.03.2023 1:44;SHORT_APPLICATION;NEXT
7392;171;04.03.2023 1:44;FULL_APPLICATION;DECLINE
7413;172;04.03.2023 1:45;SHORT_APPLICATION;DECLINE
7373;173;04.03.2023 1:45;FULL_APPLICATION;DECLINE
7414;174;04.03.2023 1:46;SHORT_APPLICATION;NEXT
7390;175;04.03.2023 1:46;FULL_APPLICATION;DECLINE
7415;176;04.03.2023 1:47;SHORT_APPLICATION;NEXT
7408;177;04.03.2023 1:47;FULL_APPLICATION;APPROVE
7388;178;04.03.2023 1:47;FULL_APPLICATION;APPROVE
7416;179;04.03.2023 1:48;SHORT_APPLICATION;NEXT
7393;180;04.03.2023 1:48;FULL_APPLICATION;DECLINE
7415;181;04.03.2023 1:48;FULL_APPLICATION;APPROVE
7417;182;04.03.2023 1:49;SHORT_APPLICATION;NEXT
7418;183;04.03.2023 1:50;SHORT_APPLICATION;NEXT
7414;184;04.03.2023 1:50;FULL_APPLICATION;DECLINE
7400;185;04.03.2023 1:50;FULL_APPLICATION;DECLINE
7416;186;04.03.2023 1:50;FULL_APPLICATION;DECLINE
7419;187;04.03.2023 1:51;SHORT_APPLICATION;NEXT
7391;188;04.03.2023 1:51;FULL_APPLICATION;DECLINE
7420;189;04.03.2023 1:52;SHORT_APPLICATION;NEXT
7382;190;04.03.2023 1:52;FULL_APPLICATION;DECLINE
7421;191;04.03.2023 1:53;SHORT_APPLICATION;NEXT
7403;192;04.03.2023 1:53;FULL_APPLICATION;APPROVE
7422;193;04.03.2023 1:54;SHORT_APPLICATION;NEXT
7386;194;04.03.2023 1:54;FULL_APPLICATION;APPROVE
7389;195;04.03.2023 1:54;FULL_APPLICATION;DECLINE
7385;196;04.03.2023 1:54;FULL_APPLICATION;DECLINE
7423;197;04.03.2023 1:55;SHORT_APPLICATION;NEXT
7424;198;04.03.2023 1:56;SHORT_APPLICATION;NEXT
7425;199;04.03.2023 1:57;SHORT_APPLICATION;NEXT
7426;200;04.03.2023 1:58;SHORT_APPLICATION;NEXT
7427;201;04.03.2023 1:59;SHORT_APPLICATION;NEXT
7397;202;04.03.2023 1:59;FULL_APPLICATION;DECLINE
7428;203;04.03.2023 2:00;SHORT_APPLICATION;NEXT
7429;204;04.03.2023 2:01;SHORT_APPLICATION;NEXT
7406;205;04.03.2023 2:01;FULL_APPLICATION;DECLINE
7430;206;04.03.2023 2:02;SHORT_APPLICATION;NEXT
7431;207;04.03.2023 2:03;SHORT_APPLICATION;NEXT
7432;208;04.03.2023 2:04;SHORT_APPLICATION;NEXT
7433;209;04.03.2023 2:05;SHORT_APPLICATION;NEXT
7422;210;04.03.2023 2:05;FULL_APPLICATION;DECLINE
7421;211;04.03.2023 2:05;FULL_APPLICATION;APPROVE
7434;212;04.03.2023 2:06;SHORT_APPLICATION;NEXT
7410;213;04.03.2023 2:06;FULL_APPLICATION;DECLINE
7435;214;04.03.2023 2:07;SHORT_APPLICATION;NEXT
7407;215;04.03.2023 2:07;FULL_APPLICATION;DECLINE
7436;216;04.03.2023 2:08;SHORT_APPLICATION;DECLINE
7418;217;04.03.2023 2:08;FULL_APPLICATION;APPROVE
7437;218;04.03.2023 2:09;SHORT_APPLICATION;NEXT
7404;219;04.03.2023 2:09;FULL_APPLICATION;APPROVE
7425;220;04.03.2023 2:09;FULL_APPLICATION;APPROVE
7438;221;04.03.2023 2:10;SHORT_APPLICATION;NEXT
7411;222;04.03.2023 2:10;FULL_APPLICATION;DECLINE
7439;223;04.03.2023 2:11;SHORT_APPLICATION;NEXT
7398;224;04.03.2023 2:11;FULL_APPLICATION;APPROVE
7440;225;04.03.2023 2:12;SHORT_APPLICATION;NEXT
7441;226;04.03.2023 2:13;SHORT_APPLICATION;NEXT
7442;227;04.03.2023 2:14;SHORT_APPLICATION;NEXT
7443;228;04.03.2023 2:15;SHORT_APPLICATION;DECLINE
7409;229;04.03.2023 2:15;FULL_APPLICATION;APPROVE
7444;230;04.03.2023 2:16;SHORT_APPLICATION;NEXT
7427;231;04.03.2023 2:16;FULL_APPLICATION;APPROVE
7445;232;04.03.2023 2:17;SHORT_APPLICATION;NEXT
7446;233;04.03.2023 2:18;SHORT_APPLICATION;NEXT
7434;234;04.03.2023 2:18;FULL_APPLICATION;DECLINE
7447;235;04.03.2023 2:19;SHORT_APPLICATION;NEXT
7419;236;04.03.2023 2:19;FULL_APPLICATION;APPROVE
7448;237;04.03.2023 2:20;SHORT_APPLICATION;NEXT
7423;238;04.03.2023 2:20;FULL_APPLICATION;DECLINE
7449;239;04.03.2023 2:21;SHORT_APPLICATION;NEXT
7412;240;04.03.2023 2:21;FULL_APPLICATION;DECLINE
7437;241;04.03.2023 2:21;FULL_APPLICATION;APPROVE
7450;242;04.03.2023 2:22;SHORT_APPLICATION;NEXT
7451;243;04.03.2023 2:23;SHORT_APPLICATION;NEXT
7449;244;04.03.2023 2:23;FULL_APPLICATION;APPROVE
7439;245;04.03.2023 2:23;FULL_APPLICATION;APPROVE
7452;246;04.03.2023 2:24;SHORT_APPLICATION;NEXT
7442;247;04.03.2023 2:24;FULL_APPLICATION;DECLINE
7453;248;04.03.2023 2:25;SHORT_APPLICATION;NEXT
7435;249;04.03.2023 2:25;FULL_APPLICATION;DECLINE
7451;250;04.03.2023 2:25;FULL_APPLICATION;DECLINE
7454;251;04.03.2023 2:26;SHORT_APPLICATION;NEXT
7431;252;04.03.2023 2:26;FULL_APPLICATION;DECLINE
7433;253;04.03.2023 2:26;FULL_APPLICATION;DECLINE
7455;254;04.03.2023 2:27;SHORT_APPLICATION;NEXT
7456;255;04.03.2023 2:28;SHORT_APPLICATION;NEXT
7426;256;04.03.2023 2:28;FULL_APPLICATION;DECLINE
7457;257;04.03.2023 2:29;SHORT_APPLICATION;NEXT
7458;258;04.03.2023 2:30;SHORT_APPLICATION;NEXT
7459;259;04.03.2023 2:31;SHORT_APPLICATION;NEXT
7460;260;04.03.2023 2:32;SHORT_APPLICATION;NEXT
7417;261;04.03.2023 2:32;FULL_APPLICATION;DECLINE
7461;262;04.03.2023 2:33;SHORT_APPLICATION;NEXT
7428;263;04.03.2023 2:33;FULL_APPLICATION;APPROVE
7420;264;04.03.2023 2:33;FULL_APPLICATION;DECLINE
7462;265;04.03.2023 2:34;SHORT_APPLICATION;NEXT
7463;266;04.03.2023 2:35;SHORT_APPLICATION;NEXT
7464;267;04.03.2023 2:36;SHORT_APPLICATION;NEXT
7444;268;04.03.2023 2:36;FULL_APPLICATION;DECLINE
7465;269;04.03.2023 2:37;SHORT_APPLICATION;NEXT
7466;270;04.03.2023 2:38;SHORT_APPLICATION;DECLINE
7430;271;04.03.2023 2:38;FULL_APPLICATION;DECLINE
7438;272;04.03.2023 2:38;FULL_APPLICATION;DECLINE
7441;273;04.03.2023 2:38;FULL_APPLICATION;DECLINE
7467;274;04.03.2023 2:39;SHORT_APPLICATION;DECLINE
7424;275;04.03.2023 2:39;FULL_APPLICATION;DECLINE
7468;276;04.03.2023 2:40;SHORT_APPLICATION;NEXT
7461;277;04.03.2023 2:40;FULL_APPLICATION;DECLINE
7447;278;04.03.2023 2:40;FULL_APPLICATION;DECLINE
7469;279;04.03.2023 2:41;SHORT_APPLICATION;NEXT
7446;280;04.03.2023 2:41;FULL_APPLICATION;DECLINE
7470;281;04.03.2023 2:42;SHORT_APPLICATION;DECLINE
7429;282;04.03.2023 2:42;FULL_APPLICATION;DECLINE
7471;283;04.03.2023 2:43;SHORT_APPLICATION;NEXT
7464;284;04.03.2023 2:43;FULL_APPLICATION;DECLINE
7472;285;04.03.2023 2:44;SHORT_APPLICATION;NEXT
7458;286;04.03.2023 2:44;FULL_APPLICATION;DECLINE
7473;287;04.03.2023 2:45;SHORT_APPLICATION;NEXT
7453;288;04.03.2023 2:45;FULL_APPLICATION;DECLINE
7432;289;04.03.2023 2:45;FULL_APPLICATION;DECLINE
7474;290;04.03.2023 2:46;SHORT_APPLICATION;NEXT
7463;291;04.03.2023 2:46;FULL_APPLICATION;DECLINE
7475;292;04.03.2023 2:47;SHORT_APPLICATION;NEXT
7455;293;04.03.2023 2:47;FULL_APPLICATION;DECLINE
7448;294;04.03.2023 2:47;FULL_APPLICATION;DECLINE
7450;295;04.03.2023 2:47;FULL_APPLICATION;DECLINE
7476;296;04.03.2023 2:48;SHORT_APPLICATION;DECLINE
7475;297;04.03.2023 2:48;FULL_APPLICATION;DECLINE
7477;298;04.03.2023 2:49;SHORT_APPLICATION;NEXT
7459;299;04.03.2023 2:49;FULL_APPLICATION;DECLINE
7478;300;04.03.2023 2:50;SHORT_APPLICATION;DECLINE
7460;301;04.03.2023 2:50;FULL_APPLICATION;APPROVE
7479;302;04.03.2023 2:51;SHORT_APPLICATION;NEXT
7480;303;04.03.2023 2:52;SHORT_APPLICATION;NEXT
7440;304;04.03.2023 2:52;FULL_APPLICATION;DECLINE
7481;305;04.03.2023 2:53;SHORT_APPLICATION;NEXT
7482;306;04.03.2023 2:54;SHORT_APPLICATION;NEXT
7483;307;04.03.2023 2:55;SHORT_APPLICATION;NEXT
7452;308;04.03.2023 2:55;FULL_APPLICATION;APPROVE
7484;309;04.03.2023 2:56;SHORT_APPLICATION;DECLINE
7485;310;04.03.2023 2:57;SHORT_APPLICATION;NEXT
7468;311;04.03.2023 2:57;FULL_APPLICATION;APPROVE
7445;312;04.03.2023 2:57;FULL_APPLICATION;DECLINE
7454;313;04.03.2023 2:57;FULL_APPLICATION;DECLINE
7486;314;04.03.2023 2:58;SHORT_APPLICATION;NEXT
7487;315;04.03.2023 2:59;SHORT_APPLICATION;NEXT
7488;316;04.03.2023 3:00;SHORT_APPLICATION;DECLINE
7477;317;04.03.2023 3:00;FULL_APPLICATION;DECLINE
7489;318;04.03.2023 3:01;SHORT_APPLICATION;NEXT
7490;319;04.03.2023 3:02;SHORT_APPLICATION;NEXT
7457;320;04.03.2023 3:02;FULL_APPLICATION;APPROVE
7491;321;04.03.2023 3:03;SHORT_APPLICATION;NEXT
7489;322;04.03.2023 3:03;FULL_APPLICATION;DECLINE
7492;323;04.03.2023 3:04;SHORT_APPLICATION;NEXT
7456;324;04.03.2023 3:04;FULL_APPLICATION;DECLINE
7493;325;04.03.2023 3:05;SHORT_APPLICATION;NEXT
7485;326;04.03.2023 3:05;FULL_APPLICATION;DECLINE
7494;327;04.03.2023 3:06;SHORT_APPLICATION;DECLINE
7490;328;04.03.2023 3:06;FULL_APPLICATION;DECLINE
7495;329;04.03.2023 3:07;SHORT_APPLICATION;DECLINE
7496;330;04.03.2023 3:08;SHORT_APPLICATION;NEXT
7497;331;04.03.2023 3:09;SHORT_APPLICATION;NEXT
7498;332;04.03.2023 3:10;SHORT_APPLICATION;NEXT
7499;333;04.03.2023 3:11;SHORT_APPLICATION;NEXT
7474;334;04.03.2023 3:11;FULL_APPLICATION;APPROVE
7500;335;04.03.2023 3:12;SHORT_APPLICATION;NEXT
7501;336;04.03.2023 3:13;SHORT_APPLICATION;DECLINE
7481;337;04.03.2023 3:13;FULL_APPLICATION;DECLINE
7483;338;04.03.2023 3:13;FULL_APPLICATION;DECLINE
7502;339;04.03.2023 3:14;SHORT_APPLICATION;NEXT
7462;340;04.03.2023 3:14;FULL_APPLICATION;APPROVE
7503;341;04.03.2023 3:15;SHORT_APPLICATION;NEXT
7473;342;04.03.2023 3:15;FULL_APPLICATION;DECLINE
7504;343;04.03.2023 3:16;SHORT_APPLICATION;NEXT
7505;344;04.03.2023 3:17;SHORT_APPLICATION;NEXT
7506;345;04.03.2023 3:18;SHORT_APPLICATION;NEXT
7465;346;04.03.2023 3:18;FULL_APPLICATION;DECLINE
7507;347;04.03.2023 3:19;SHORT_APPLICATION;NEXT
7479;348;04.03.2023 3:19;FULL_APPLICATION;DECLINE
7492;349;04.03.2023 3:19;FULL_APPLICATION;APPROVE
7469;350;04.03.2023 3:19;FULL_APPLICATION;DECLINE
7508;351;04.03.2023 3:20;SHORT_APPLICATION;NEXT
7509;352;04.03.2023 3:21;SHORT_APPLICATION;NEXT
7499;353;04.03.2023 3:21;FULL_APPLICATION;APPROVE
7471;354;04.03.2023 3:21;FULL_APPLICATION;DECLINE
7510;355;04.03.2023 3:22;SHORT_APPLICATION;NEXT
7487;356;04.03.2023 3:22;FULL_APPLICATION;APPROVE
7503;357;04.03.2023 3:22;FULL_APPLICATION;DECLINE
7472;358;04.03.2023 3:22;FULL_APPLICATION;DECLINE
7511;359;04.03.2023 3:23;SHORT_APPLICATION;NEXT
7512;360;04.03.2023 3:24;SHORT_APPLICATION;NEXT
7513;361;04.03.2023 3:25;SHORT_APPLICATION;NEXT
7502;362;04.03.2023 3:25;FULL_APPLICATION;DECLINE
7514;363;04.03.2023 3:26;SHORT_APPLICATION;NEXT
7515;364;04.03.2023 3:27;SHORT_APPLICATION;DECLINE
7516;365;04.03.2023 3:28;SHORT_APPLICATION;NEXT
7517;366;04.03.2023 3:29;SHORT_APPLICATION;DECLINE
7518;367;04.03.2023 3:30;SHORT_APPLICATION;NEXT
7504;368;04.03.2023 3:30;FULL_APPLICATION;DECLINE
7519;369;04.03.2023 3:31;SHORT_APPLICATION;NEXT
7520;370;04.03.2023 3:32;SHORT_APPLICATION;NEXT
7480;371;04.03.2023 3:32;FULL_APPLICATION;APPROVE
7482;372;04.03.2023 3:32;FULL_APPLICATION;APPROVE
7521;373;04.03.2023 3:33;SHORT_APPLICATION;NEXT
7522;374;04.03.2023 3:34;SHORT_APPLICATION;NEXT
7486;375;04.03.2023 3:34;FULL_APPLICATION;DECLINE
7523;376;04.03.2023 3:35;SHORT_APPLICATION;NEXT
7524;377;04.03.2023 3:36;SHORT_APPLICATION;NEXT
7525;378;04.03.2023 3:37;SHORT_APPLICATION;NEXT
7526;379;04.03.2023 3:38;SHORT_APPLICATION;NEXT
7527;380;04.03.2023 3:39;SHORT_APPLICATION;DECLINE
7528;381;04.03.2023 3:40;SHORT_APPLICATION;NEXT
7514;382;04.03.2023 3:40;FULL_APPLICATION;DECLINE
7529;383;04.03.2023 3:41;SHORT_APPLICATION;NEXT
7528;384;04.03.2023 3:41;FULL_APPLICATION;DECLINE
7530;385;04.03.2023 3:42;SHORT_APPLICATION;NEXT
7510;386;04.03.2023 3:42;FULL_APPLICATION;DECLINE
7531;387;04.03.2023 3:43;SHORT_APPLICATION;NEXT
7491;388;04.03.2023 3:43;FULL_APPLICATION;DECLINE
7493;389;04.03.2023 3:43;FULL_APPLICATION;DECLINE
7532;390;04.03.2023 3:44;SHORT_APPLICATION;NEXT
7533;391;04.03.2023 3:45;SHORT_APPLICATION;NEXT
7506;392;04.03.2023 3:45;FULL_APPLICATION;APPROVE
7534;393;04.03.2023 3:46;SHORT_APPLICATION;NEXT
7497;394;04.03.2023 3:46;FULL_APPLICATION;DECLINE
7526;395;04.03.2023 3:46;FULL_APPLICATION;APPROVE
7496;396;04.03.2023 3:46;FULL_APPLICATION;DECLINE
7535;397;04.03.2023 3:47;SHORT_APPLICATION;NEXT
7536;398;04.03.2023 3:48;SHORT_APPLICATION;NEXT
7525;399;04.03.2023 3:48;FULL_APPLICATION;DECLINE
7537;400;04.03.2023 3:49;SHORT_APPLICATION;NEXT
7538;401;04.03.2023 3:50;SHORT_APPLICATION;NEXT
7508;402;04.03.2023 3:50;FULL_APPLICATION;DECLINE
7521;403;04.03.2023 3:50;FULL_APPLICATION;APPROVE
7498;404;04.03.2023 3:50;FULL_APPLICATION;DECLINE
7524;405;04.03.2023 3:50;FULL_APPLICATION;DECLINE
7539;406;04.03.2023 3:51;SHORT_APPLICATION;NEXT
7540;407;04.03.2023 3:52;SHORT_APPLICATION;NEXT
7500;408;04.03.2023 3:52;FULL_APPLICATION;DECLINE
7541;409;04.03.2023 3:53;SHORT_APPLICATION;DECLINE
7505;410;04.03.2023 3:53;FULL_APPLICATION;DECLINE
7530;411;04.03.2023 3:53;FULL_APPLICATION;DECLINE
7542;412;04.03.2023 3:54;SHORT_APPLICATION;NEXT
7509;413;04.03.2023 3:54;FULL_APPLICATION;DECLINE
7543;414;04.03.2023 3:55;SHORT_APPLICATION;NEXT
7544;415;04.03.2023 3:56;SHORT_APPLICATION;NEXT
7507;416;04.03.2023 3:56;FULL_APPLICATION;DECLINE
7519;417;04.03.2023 3:56;FULL_APPLICATION;DECLINE
7545;418;04.03.2023 3:57;SHORT_APPLICATION;DECLINE
7511;419;04.03.2023 3:57;FULL_APPLICATION;APPROVE
7546;420;04.03.2023 3:58;SHORT_APPLICATION;NEXT
7547;421;04.03.2023 3:59;SHORT_APPLICATION;NEXT
7548;422;04.03.2023 4:00;SHORT_APPLICATION;DECLINE
7549;423;04.03.2023 4:01;SHORT_APPLICATION;NEXT
7512;424;04.03.2023 4:01;FULL_APPLICATION;DECLINE
7550;425;04.03.2023 4:02;SHORT_APPLICATION;NEXT
7520;426;04.03.2023 4:02;FULL_APPLICATION;DECLINE
7551;427;04.03.2023 4:03;SHORT_APPLICATION;NEXT
7513;428;04.03.2023 4:03;FULL_APPLICATION;DECLINE
7552;429;04.03.2023 4:04;SHORT_APPLICATION;DECLINE
7553;430;04.03.2023 4:05;SHORT_APPLICATION;NEXT
7523;431;04.03.2023 4:05;FULL_APPLICATION;APPROVE
7536;432;04.03.2023 4:05;FULL_APPLICATION;DECLINE
7554;433;04.03.2023 4:06;SHORT_APPLICATION;NEXT
7555;434;04.03.2023 4:07;SHORT_APPLICATION;NEXT
7556;435;04.03.2023 4:08;SHORT_APPLICATION;NEXT
7557;436;04.03.2023 4:09;SHORT_APPLICATION;NEXT
7516;437;04.03.2023 4:09;FULL_APPLICATION;DECLINE
7558;438;04.03.2023 4:10;SHORT_APPLICATION;NEXT
7518;439;04.03.2023 4:10;FULL_APPLICATION;APPROVE
7543;440;04.03.2023 4:10;FULL_APPLICATION;APPROVE
7559;441;04.03.2023 4:11;SHORT_APPLICATION;NEXT
7547;442;04.03.2023 4:11;FULL_APPLICATION;DECLINE
7560;443;04.03.2023 4:12;SHORT_APPLICATION;NEXT
7529;444;04.03.2023 4:12;FULL_APPLICATION;APPROVE
7535;445;04.03.2023 4:12;FULL_APPLICATION;APPROVE
7561;446;04.03.2023 4:13;SHORT_APPLICATION;NEXT
7562;447;04.03.2023 4:14;SHORT_APPLICATION;NEXT
7539;448;04.03.2023 4:14;FULL_APPLICATION;DECLINE
7554;449;04.03.2023 4:14;FULL_APPLICATION;DECLINE
7531;450;04.03.2023 4:14;FULL_APPLICATION;DECLINE
7563;451;04.03.2023 4:15;SHORT_APPLICATION;NEXT
7522;452;04.03.2023 4:15;FULL_APPLICATION;APPROVE
7564;453;04.03.2023 4:16;SHORT_APPLICATION;NEXT
7550;454;04.03.2023 4:16;FULL_APPLICATION;DECLINE
7533;455;04.03.2023 4:16;FULL_APPLICATION;APPROVE
7565;456;04.03.2023 4:17;SHORT_APPLICATION;NEXT
7563;457;04.03.2023 4:17;FULL_APPLICATION;APPROVE
7566;458;04.03.2023 4:18;SHORT_APPLICATION;NEXT
7546;459;04.03.2023 4:18;FULL_APPLICATION;APPROVE
7567;460;04.03.2023 4:19;SHORT_APPLICATION;NEXT
7568;461;04.03.2023 4:20;SHORT_APPLICATION;NEXT
7560;462;04.03.2023 4:20;FULL_APPLICATION;APPROVE
7569;463;04.03.2023 4:21;SHORT_APPLICATION;NEXT
7570;464;04.03.2023 4:22;SHORT_APPLICATION;NEXT
7555;465;04.03.2023 4:22;FULL_APPLICATION;DECLINE
7571;466;04.03.2023 4:23;SHORT_APPLICATION;NEXT
7551;467;04.03.2023 4:23;FULL_APPLICATION;APPROVE
7553;468;04.03.2023 4:23;FULL_APPLICATION;DECLINE
7572;469;04.03.2023 4:24;SHORT_APPLICATION;DECLINE
7573;470;04.03.2023 4:25;SHORT_APPLICATION;DECLINE
7540;471;04.03.2023 4:25;FULL_APPLICATION;DECLINE
7574;472;04.03.2023 4:26;SHORT_APPLICATION;DECLINE
7537;473;04.03.2023 4:26;FULL_APPLICATION;APPROVE
7575;474;04.03.2023 4:27;SHORT_APPLICATION;DECLINE
7532;475;04.03.2023 4:27;FULL_APPLICATION;DECLINE
7538;476;04.03.2023 4:27;FULL_APPLICATION;APPROVE
7564;477;04.03.2023 4:27;FULL_APPLICATION;DECLINE
7534;478;04.03.2023 4:27;FULL_APPLICATION;DECLINE
7576;479;04.03.2023 4:28;SHORT_APPLICATION;NEXT
7577;480;04.03.2023 4:29;SHORT_APPLICATION;NEXT
7567;481;04.03.2023 4:29;FULL_APPLICATION;DECLINE
7578;482;04.03.2023 4:30;SHORT_APPLICATION;NEXT
7579;483;04.03.2023 4:31;SHORT_APPLICATION;NEXT
7580;484;04.03.2023 4:32;SHORT_APPLICATION;NEXT
7557;485;04.03.2023 4:32;FULL_APPLICATION;DECLINE
7581;486;04.03.2023 4:33;SHORT_APPLICATION;NEXT
7582;487;04.03.2023 4:34;SHORT_APPLICATION;NEXT
7542;488;04.03.2023 4:34;FULL_APPLICATION;DECLINE
7583;489;04.03.2023 4:35;SHORT_APPLICATION;NEXT
7559;490;04.03.2023 4:35;FULL_APPLICATION;DECLINE
7558;491;04.03.2023 4:35;FULL_APPLICATION;DECLINE
7584;492;04.03.2023 4:36;SHORT_APPLICATION;DECLINE
7561;493;04.03.2023 4:36;FULL_APPLICATION;APPROVE
7585;494;04.03.2023 4:37;SHORT_APPLICATION;NEXT
7586;495;04.03.2023 4:38;SHORT_APPLICATION;NEXT
7571;496;04.03.2023 4:38;FULL_APPLICATION;DECLINE
7587;497;04.03.2023 4:39;SHORT_APPLICATION;NEXT
7544;498;04.03.2023 4:39;FULL_APPLICATION;APPROVE
7549;499;04.03.2023 4:39;FULL_APPLICATION;APPROVE
7588;500;04.03.2023 4:40;SHORT_APPLICATION;NEXT
7589;501;04.03.2023 4:41;SHORT_APPLICATION;NEXT
7581;502;04.03.2023 4:41;FULL_APPLICATION;DECLINE
7590;503;04.03.2023 4:42;SHORT_APPLICATION;NEXT
7591;504;04.03.2023 4:43;SHORT_APPLICATION;NEXT
7592;505;04.03.2023 4:44;SHORT_APPLICATION;NEXT
7593;506;04.03.2023 4:45;SHORT_APPLICATION;DECLINE
7585;507;04.03.2023 4:45;FULL_APPLICATION;APPROVE
7594;508;04.03.2023 4:46;SHORT_APPLICATION;DECLINE
7595;509;04.03.2023 4:47;SHORT_APPLICATION;NEXT
7596;510;04.03.2023 4:48;SHORT_APPLICATION;NEXT
7562;511;04.03.2023 4:48;FULL_APPLICATION;DECLINE
7597;512;04.03.2023 4:49;SHORT_APPLICATION;DECLINE
7577;513;04.03.2023 4:49;FULL_APPLICATION;DECLINE
7590;514;04.03.2023 4:49;FULL_APPLICATION;DECLINE
7569;515;04.03.2023 4:49;FULL_APPLICATION;DECLINE
7598;516;04.03.2023 4:50;SHORT_APPLICATION;NEXT
7565;517;04.03.2023 4:50;FULL_APPLICATION;DECLINE
7578;518;04.03.2023 4:50;FULL_APPLICATION;DECLINE
7599;519;04.03.2023 4:51;SHORT_APPLICATION;DECLINE
7556;520;04.03.2023 4:51;FULL_APPLICATION;DECLINE
7600;521;04.03.2023 4:52;SHORT_APPLICATION;NEXT
7570;522;04.03.2023 4:52;FULL_APPLICATION;APPROVE
7595;523;04.03.2023 4:52;FULL_APPLICATION;DECLINE
7601;524;04.03.2023 4:53;SHORT_APPLICATION;NEXT
7602;525;04.03.2023 4:54;SHORT_APPLICATION;NEXT
7566;526;04.03.2023 4:54;FULL_APPLICATION;DECLINE
7603;527;04.03.2023 4:55;SHORT_APPLICATION;NEXT
7576;528;04.03.2023 4:55;FULL_APPLICATION;DECLINE
7604;529;04.03.2023 4:56;SHORT_APPLICATION;DECLINE
7605;530;04.03.2023 4:57;SHORT_APPLICATION;NEXT
7568;531;04.03.2023 4:57;FULL_APPLICATION;DECLINE
7580;532;04.03.2023 4:57;FULL_APPLICATION;DECLINE
7606;533;04.03.2023 4:58;SHORT_APPLICATION;NEXT
7607;534;04.03.2023 4:59;SHORT_APPLICATION;NEXT
7608;535;04.03.2023 5:00;SHORT_APPLICATION;NEXT
7598;536;04.03.2023 5:00;FULL_APPLICATION;DECLINE
7591;537;04.03.2023 5:00;FULL_APPLICATION;DECLINE
7609;538;04.03.2023 5:01;SHORT_APPLICATION;NEXT
7579;539;04.03.2023 5:01;FULL_APPLICATION;DECLINE
7582;540;04.03.2023 5:01;FULL_APPLICATION;DECLINE
7610;541;04.03.2023 5:02;SHORT_APPLICATION;NEXT
7609;542;04.03.2023 5:02;FULL_APPLICATION;DECLINE
7611;543;04.03.2023 5:03;SHORT_APPLICATION;NEXT
7586;544;04.03.2023 5:03;FULL_APPLICATION;APPROVE
7612;545;04.03.2023 5:04;SHORT_APPLICATION;DECLINE
7613;546;04.03.2023 5:05;SHORT_APPLICATION;NEXT
7614;547;04.03.2023 5:06;SHORT_APPLICATION;NEXT
7587;548;04.03.2023 5:06;FULL_APPLICATION;DECLINE
7615;549;04.03.2023 5:07;SHORT_APPLICATION;NEXT
7592;550;04.03.2023 5:07;FULL_APPLICATION;DECLINE
7616;551;04.03.2023 5:08;SHORT_APPLICATION;NEXT
7606;552;04.03.2023 5:08;FULL_APPLICATION;DECLINE
7617;553;04.03.2023 5:09;SHORT_APPLICATION;NEXT
7583;554;04.03.2023 5:09;FULL_APPLICATION;DECLINE
7618;555;04.03.2023 5:10;SHORT_APPLICATION;DECLINE
7619;556;04.03.2023 5:11;SHORT_APPLICATION;NEXT
7620;557;04.03.2023 5:12;SHORT_APPLICATION;NEXT
7589;558;04.03.2023 5:12;FULL_APPLICATION;DECLINE
7605;559;04.03.2023 5:12;FULL_APPLICATION;DECLINE
7621;560;04.03.2023 5:13;SHORT_APPLICATION;DECLINE
7622;561;04.03.2023 5:14;SHORT_APPLICATION;DECLINE
7623;562;04.03.2023 5:15;SHORT_APPLICATION;NEXT
7616;563;04.03.2023 5:15;FULL_APPLICATION;DECLINE
7611;564;04.03.2023 5:15;FULL_APPLICATION;APPROVE
7624;565;04.03.2023 5:16;SHORT_APPLICATION;NEXT
7601;566;04.03.2023 5:16;FULL_APPLICATION;DECLINE
7625;567;04.03.2023 5:17;SHORT_APPLICATION;NEXT
7626;568;04.03.2023 5:18;SHORT_APPLICATION;DECLINE
7614;569;04.03.2023 5:18;FULL_APPLICATION;DECLINE
7627;570;04.03.2023 5:19;SHORT_APPLICATION;NEXT
7628;571;04.03.2023 5:20;SHORT_APPLICATION;NEXT
7617;572;04.03.2023 5:20;FULL_APPLICATION;DECLINE
7629;573;04.03.2023 5:21;SHORT_APPLICATION;NEXT
7588;574;04.03.2023 5:21;FULL_APPLICATION;DECLINE
7630;575;04.03.2023 5:22;SHORT_APPLICATION;DECLINE
7596;576;04.03.2023 5:22;FULL_APPLICATION;APPROVE
7631;577;04.03.2023 5:23;SHORT_APPLICATION;NEXT
7623;578;04.03.2023 5:23;FULL_APPLICATION;APPROVE
7632;579;04.03.2023 5:24;SHORT_APPLICATION;NEXT
7633;580;04.03.2023 5:25;SHORT_APPLICATION;NEXT
7613;581;04.03.2023 5:25;FULL_APPLICATION;DECLINE
7603;582;04.03.2023 5:25;FULL_APPLICATION;DECLINE
7602;583;04.03.2023 5:25;FULL_APPLICATION;DECLINE
7634;584;04.03.2023 5:26;SHORT_APPLICATION;NEXT
7600;585;04.03.2023 5:26;FULL_APPLICATION;DECLINE
7635;586;04.03.2023 5:27;SHORT_APPLICATION;NEXT
7627;587;04.03.2023 5:27;FULL_APPLICATION;DECLINE
7607;588;04.03.2023 5:27;FULL_APPLICATION;DECLINE
7636;589;04.03.2023 5:28;SHORT_APPLICATION;NEXT
7619;590;04.03.2023 5:28;FULL_APPLICATION;APPROVE
7631;591;04.03.2023 5:28;FULL_APPLICATION;APPROVE
7637;592;04.03.2023 5:29;SHORT_APPLICATION;NEXT
7638;593;04.03.2023 5:30;SHORT_APPLICATION;NEXT
7628;594;04.03.2023 5:30;FULL_APPLICATION;APPROVE
7639;595;04.03.2023 5:31;SHORT_APPLICATION;NEXT
7640;596;04.03.2023 5:32;SHORT_APPLICATION;NEXT
7615;597;04.03.2023 5:32;FULL_APPLICATION;DECLINE
7641;598;04.03.2023 5:33;SHORT_APPLICATION;DECLINE
7608;599;04.03.2023 5:33;FULL_APPLICATION;DECLINE
7629;600;04.03.2023 5:33;FULL_APPLICATION;DECLINE
7642;601;04.03.2023 5:34;SHORT_APPLICATION;DECLINE
7643;602;04.03.2023 5:35;SHORT_APPLICATION;NEXT
7638;603;04.03.2023 5:35;FULL_APPLICATION;DECLINE
7644;604;04.03.2023 5:36;SHORT_APPLICATION;NEXT
7610;605;04.03.2023 5:36;FULL_APPLICATION;DECLINE
7645;606;04.03.2023 5:37;SHORT_APPLICATION;NEXT
7646;607;04.03.2023 5:38;SHORT_APPLICATION;NEXT
7647;608;04.03.2023 5:39;SHORT_APPLICATION;NEXT
7648;609;04.03.2023 5:40;SHORT_APPLICATION;NEXT
7649;610;04.03.2023 5:41;SHORT_APPLICATION;NEXT
7650;611;04.03.2023 5:42;SHORT_APPLICATION;NEXT
7651;612;04.03.2023 5:43;SHORT_APPLICATION;DECLINE
7624;613;04.03.2023 5:43;FULL_APPLICATION;APPROVE
7639;614;04.03.2023 5:43;FULL_APPLICATION;APPROVE
7652;615;04.03.2023 5:44;SHORT_APPLICATION;NEXT
7653;616;04.03.2023 5:45;SHORT_APPLICATION;DECLINE
7643;617;04.03.2023 5:45;FULL_APPLICATION;APPROVE
7632;618;04.03.2023 5:45;FULL_APPLICATION;DECLINE
7654;619;04.03.2023 5:46;SHORT_APPLICATION;DECLINE
7652;620;04.03.2023 5:46;FULL_APPLICATION;DECLINE
7655;621;04.03.2023 5:47;SHORT_APPLICATION;DECLINE
7656;622;04.03.2023 5:48;SHORT_APPLICATION;DECLINE
7657;623;04.03.2023 5:49;SHORT_APPLICATION;NEXT
7658;624;04.03.2023 5:50;SHORT_APPLICATION;DECLINE
7659;625;04.03.2023 5:51;SHORT_APPLICATION;NEXT
7649;626;04.03.2023 5:51;FULL_APPLICATION;DECLINE
7625;627;04.03.2023 5:51;FULL_APPLICATION;DECLINE
7660;628;04.03.2023 5:52;SHORT_APPLICATION;NEXT
7636;629;04.03.2023 5:52;FULL_APPLICATION;APPROVE
7661;630;04.03.2023 5:53;SHORT_APPLICATION;DECLINE
7640;631;04.03.2023 5:53;FULL_APPLICATION;APPROVE
7662;632;04.03.2023 5:54;SHORT_APPLICATION;NEXT
7650;633;04.03.2023 5:54;FULL_APPLICATION;DECLINE
7663;634;04.03.2023 5:55;SHORT_APPLICATION;NEXT
7620;635;04.03.2023 5:55;FULL_APPLICATION;APPROVE
7664;636;04.03.2023 5:56;SHORT_APPLICATION;NEXT
7634;637;04.03.2023 5:56;FULL_APPLICATION;APPROVE
7665;638;04.03.2023 5:57;SHORT_APPLICATION;DECLINE
7648;639;04.03.2023 5:57;FULL_APPLICATION;APPROVE
7664;640;04.03.2023 5:57;FULL_APPLICATION;APPROVE
7666;641;04.03.2023 5:58;SHORT_APPLICATION;NEXT
7633;642;04.03.2023 5:58;FULL_APPLICATION;DECLINE
7667;643;04.03.2023 5:59;SHORT_APPLICATION;NEXT
7668;644;04.03.2023 6:00;SHORT_APPLICATION;NEXT
7669;645;04.03.2023 6:01;SHORT_APPLICATION;NEXT
7635;646;04.03.2023 6:01;FULL_APPLICATION;DECLINE
7670;647;04.03.2023 6:02;SHORT_APPLICATION;NEXT
7647;648;04.03.2023 6:02;FULL_APPLICATION;DECLINE
7659;649;04.03.2023 6:02;FULL_APPLICATION;DECLINE
7671;650;04.03.2023 6:03;SHORT_APPLICATION;NEXT
7637;651;04.03.2023 6:03;FULL_APPLICATION;DECLINE
7672;652;04.03.2023 6:04;SHORT_APPLICATION;NEXT
7662;653;04.03.2023 6:04;FULL_APPLICATION;DECLINE
7668;654;04.03.2023 6:04;FULL_APPLICATION;DECLINE
7673;655;04.03.2023 6:05;SHORT_APPLICATION;NEXT
7674;656;04.03.2023 6:06;SHORT_APPLICATION;NEXT
7644;657;04.03.2023 6:06;FULL_APPLICATION;DECLINE
7670;658;04.03.2023 6:06;FULL_APPLICATION;DECLINE
7675;659;04.03.2023 6:07;SHORT_APPLICATION;NEXT
7676;660;04.03.2023 6:08;SHORT_APPLICATION;NEXT
7646;661;04.03.2023 6:08;FULL_APPLICATION;APPROVE
7677;662;04.03.2023 6:09;SHORT_APPLICATION;NEXT
7675;663;04.03.2023 6:09;FULL_APPLICATION;DECLINE
7678;664;04.03.2023 6:10;SHORT_APPLICATION;NEXT
7679;665;04.03.2023 6:11;SHORT_APPLICATION;NEXT
7667;666;04.03.2023 6:11;FULL_APPLICATION;DECLINE
7680;667;04.03.2023 6:12;SHORT_APPLICATION;NEXT
7657;668;04.03.2023 6:12;FULL_APPLICATION;APPROVE
7663;669;04.03.2023 6:12;FULL_APPLICATION;APPROVE
7681;670;04.03.2023 6:13;SHORT_APPLICATION;NEXT
7645;671;04.03.2023 6:13;FULL_APPLICATION;DECLINE
7682;672;04.03.2023 6:14;SHORT_APPLICATION;NEXT
7683;673;04.03.2023 6:15;SHORT_APPLICATION;NEXT
7684;674;04.03.2023 6:16;SHORT_APPLICATION;DECLINE
7685;675;04.03.2023 6:17;SHORT_APPLICATION;NEXT
7686;676;04.03.2023 6:18;SHORT_APPLICATION;NEXT
7687;677;04.03.2023 6:19;SHORT_APPLICATION;NEXT
7680;678;04.03.2023 6:19;FULL_APPLICATION;DECLINE
7688;679;04.03.2023 6:20;SHORT_APPLICATION;NEXT
7689;680;04.03.2023 6:21;SHORT_APPLICATION;NEXT
7690;681;04.03.2023 6:22;SHORT_APPLICATION;NEXT
7683;682;04.03.2023 6:22;FULL_APPLICATION;APPROVE
7672;683;04.03.2023 6:22;FULL_APPLICATION;APPROVE
7678;684;04.03.2023 6:22;FULL_APPLICATION;APPROVE
7691;685;04.03.2023 6:23;SHORT_APPLICATION;DECLINE
7692;686;04.03.2023 6:24;SHORT_APPLICATION;NEXT
7682;687;04.03.2023 6:24;FULL_APPLICATION;DECLINE
7693;688;04.03.2023 6:25;SHORT_APPLICATION;NEXT
7685;689;04.03.2023 6:25;FULL_APPLICATION;DECLINE
7694;690;04.03.2023 6:26;SHORT_APPLICATION;NEXT
7690;691;04.03.2023 6:26;FULL_APPLICATION;APPROVE
7676;692;04.03.2023 6:26;FULL_APPLICATION;APPROVE
7695;693;04.03.2023 6:27;SHORT_APPLICATION;NEXT
7696;694;04.03.2023 6:28;SHORT_APPLICATION;NEXT
7694;695;04.03.2023 6:28;FULL_APPLICATION;DECLINE
7697;696;04.03.2023 6:29;SHORT_APPLICATION;NEXT
7660;697;04.03.2023 6:29;FULL_APPLICATION;APPROVE
7698;698;04.03.2023 6:30;SHORT_APPLICATION;NEXT
7674;699;04.03.2023 6:30;FULL_APPLICATION;APPROVE
7693;700;04.03.2023 6:30;FULL_APPLICATION;DECLINE
7699;701;04.03.2023 6:31;SHORT_APPLICATION;NEXT
7669;702;04.03.2023 6:31;FULL_APPLICATION;DECLINE
7700;703;04.03.2023 6:32;SHORT_APPLICATION;NEXT
7701;704;04.03.2023 6:33;SHORT_APPLICATION;NEXT
7681;705;04.03.2023 6:33;FULL_APPLICATION;APPROVE
7702;706;04.03.2023 6:34;SHORT_APPLICATION;NEXT
7703;707;04.03.2023 6:35;SHORT_APPLICATION;DECLINE
7704;708;04.03.2023 6:36;SHORT_APPLICATION;NEXT
7692;709;04.03.2023 6:36;FULL_APPLICATION;DECLINE
7705;710;04.03.2023 6:37;SHORT_APPLICATION;NEXT
7677;711;04.03.2023 6:37;FULL_APPLICATION;DECLINE
7706;712;04.03.2023 6:38;SHORT_APPLICATION;NEXT
7702;713;04.03.2023 6:38;FULL_APPLICATION;DECLINE
7707;714;04.03.2023 6:39;SHORT_APPLICATION;NEXT
7671;715;04.03.2023 6:39;FULL_APPLICATION;DECLINE
7666;716;04.03.2023 6:39;FULL_APPLICATION;DECLINE
7708;717;04.03.2023 6:40;SHORT_APPLICATION;NEXT
7709;718;04.03.2023 6:41;SHORT_APPLICATION;NEXT
7673;719;04.03.2023 6:41;FULL_APPLICATION;DECLINE
7710;720;04.03.2023 6:42;SHORT_APPLICATION;NEXT
7711;721;04.03.2023 6:43;SHORT_APPLICATION;NEXT
7701;722;04.03.2023 6:43;FULL_APPLICATION;DECLINE
7712;723;04.03.2023 6:44;SHORT_APPLICATION;DECLINE
7713;724;04.03.2023 6:45;SHORT_APPLICATION;NEXT
7696;725;04.03.2023 6:45;FULL_APPLICATION;DECLINE
7714;726;04.03.2023 6:46;SHORT_APPLICATION;NEXT
7697;727;04.03.2023 6:46;FULL_APPLICATION;DECLINE
7715;728;04.03.2023 6:47;SHORT_APPLICATION;NEXT
7716;729;04.03.2023 6:48;SHORT_APPLICATION;NEXT
7688;730;04.03.2023 6:48;FULL_APPLICATION;DECLINE
7704;731;04.03.2023 6:48;FULL_APPLICATION;APPROVE
7717;732;04.03.2023 6:49;SHORT_APPLICATION;NEXT
7718;733;04.03.2023 6:50;SHORT_APPLICATION;NEXT
7719;734;04.03.2023 6:51;SHORT_APPLICATION;NEXT
7689;735;04.03.2023 6:51;FULL_APPLICATION;DECLINE
7717;736;04.03.2023 6:51;FULL_APPLICATION;APPROVE
7720;737;04.03.2023 6:52;SHORT_APPLICATION;NEXT
7679;738;04.03.2023 6:52;FULL_APPLICATION;DECLINE
7721;739;04.03.2023 6:53;SHORT_APPLICATION;DECLINE
7698;740;04.03.2023 6:53;FULL_APPLICATION;APPROVE
7722;741;04.03.2023 6:54;SHORT_APPLICATION;NEXT
7723;742;04.03.2023 6:55;SHORT_APPLICATION;NEXT
7687;743;04.03.2023 6:55;FULL_APPLICATION;DECLINE
7706;744;04.03.2023 6:55;FULL_APPLICATION;DECLINE
7718;745;04.03.2023 6:55;FULL_APPLICATION;APPROVE
7724;746;04.03.2023 6:56;SHORT_APPLICATION;DECLINE
7725;747;04.03.2023 6:57;SHORT_APPLICATION;NEXT
7705;748;04.03.2023 6:57;FULL_APPLICATION;DECLINE
7726;749;04.03.2023 6:58;SHORT_APPLICATION;NEXT
7699;750;04.03.2023 6:58;FULL_APPLICATION;APPROVE
7727;751;04.03.2023 6:59;SHORT_APPLICATION;DECLINE
7709;752;04.03.2023 6:59;FULL_APPLICATION;APPROVE
7728;753;04.03.2023 7:00;SHORT_APPLICATION;NEXT
7700;754;04.03.2023 7:00;FULL_APPLICATION;DECLINE
7729;755;04.03.2023 7:01;SHORT_APPLICATION;NEXT
7686;756;04.03.2023 7:01;FULL_APPLICATION;DECLINE
7715;757;04.03.2023 7:01;FULL_APPLICATION;DECLINE
7730;758;04.03.2023 7:02;SHORT_APPLICATION;NEXT
7731;759;04.03.2023 7:03;SHORT_APPLICATION;NEXT
7713;760;04.03.2023 7:03;FULL_APPLICATION;DECLINE
7732;761;04.03.2023 7:04;SHORT_APPLICATION;DECLINE
7733;762;04.03.2023 7:05;SHORT_APPLICATION;NEXT
7710;763;04.03.2023 7:05;FULL_APPLICATION;DECLINE
7708;764;04.03.2023 7:05;FULL_APPLICATION;DECLINE
7734;765;04.03.2023 7:06;SHORT_APPLICATION;NEXT
7735;766;04.03.2023 7:07;SHORT_APPLICATION;NEXT
7736;767;04.03.2023 7:08;SHORT_APPLICATION;NEXT
7737;768;04.03.2023 7:09;SHORT_APPLICATION;DECLINE
7738;769;04.03.2023 7:10;SHORT_APPLICATION;NEXT
7695;770;04.03.2023 7:10;FULL_APPLICATION;DECLINE
7739;771;04.03.2023 7:11;SHORT_APPLICATION;NEXT
7711;772;04.03.2023 7:11;FULL_APPLICATION;DECLINE
7740;773;04.03.2023 7:12;SHORT_APPLICATION;NEXT
7736;774;04.03.2023 7:12;FULL_APPLICATION;DECLINE
7741;775;04.03.2023 7:13;SHORT_APPLICATION;NEXT
7742;776;04.03.2023 7:14;SHORT_APPLICATION;NEXT
7743;777;04.03.2023 7:15;SHORT_APPLICATION;NEXT
7720;778;04.03.2023 7:15;FULL_APPLICATION;APPROVE
7723;779;04.03.2023 7:15;FULL_APPLICATION;DECLINE
7731;780;04.03.2023 7:15;FULL_APPLICATION;DECLINE
7744;781;04.03.2023 7:16;SHORT_APPLICATION;NEXT
7745;782;04.03.2023 7:17;SHORT_APPLICATION;NEXT
7714;783;04.03.2023 7:17;FULL_APPLICATION;DECLINE
7746;784;04.03.2023 7:18;SHORT_APPLICATION;NEXT
7747;785;04.03.2023 7:19;SHORT_APPLICATION;DECLINE
7707;786;04.03.2023 7:19;FULL_APPLICATION;DECLINE
7722;787;04.03.2023 7:19;FULL_APPLICATION;DECLINE
7748;788;04.03.2023 7:20;SHORT_APPLICATION;NEXT
7734;789;04.03.2023 7:20;FULL_APPLICATION;DECLINE
7730;790;04.03.2023 7:20;FULL_APPLICATION;APPROVE
7749;791;04.03.2023 7:21;SHORT_APPLICATION;NEXT
7719;792;04.03.2023 7:21;FULL_APPLICATION;DECLINE
7750;793;04.03.2023 7:22;SHORT_APPLICATION;NEXT
7745;794;04.03.2023 7:22;FULL_APPLICATION;DECLINE
7751;795;04.03.2023 7:23;SHORT_APPLICATION;NEXT
7752;796;04.03.2023 7:24;SHORT_APPLICATION;NEXT
7753;797;04.03.2023 7:25;SHORT_APPLICATION;NEXT
7716;798;04.03.2023 7:25;FULL_APPLICATION;DECLINE
7735;799;04.03.2023 7:25;FULL_APPLICATION;DECLINE
7754;800;04.03.2023 7:26;SHORT_APPLICATION;DECLINE
7755;801;04.03.2023 7:27;SHORT_APPLICATION;NEXT
7756;802;04.03.2023 7:28;SHORT_APPLICATION;NEXT
7742;803;04.03.2023 7:28;FULL_APPLICATION;DECLINE
7748;804;04.03.2023 7:28;FULL_APPLICATION;DECLINE
7757;805;04.03.2023 7:29;SHORT_APPLICATION;NEXT
7758;806;04.03.2023 7:30;SHORT_APPLICATION;DECLINE
7725;807;04.03.2023 7:30;FULL_APPLICATION;DECLINE
7759;808;04.03.2023 7:31;SHORT_APPLICATION;NEXT
7760;809;04.03.2023 7:32;SHORT_APPLICATION;NEXT
7761;810;04.03.2023 7:33;SHORT_APPLICATION;DECLINE
7728;811;04.03.2023 7:33;FULL_APPLICATION;DECLINE
7762;812;04.03.2023 7:34;SHORT_APPLICATION;NEXT
7751;813;04.03.2023 7:34;FULL_APPLICATION;DECLINE
7741;814;04.03.2023 7:34;FULL_APPLICATION;DECLINE
7763;815;04.03.2023 7:35;SHORT_APPLICATION;NEXT
7764;816;04.03.2023 7:36;SHORT_APPLICATION;NEXT
7740;817;04.03.2023 7:36;FULL_APPLICATION;APPROVE
7765;818;04.03.2023 7:37;SHORT_APPLICATION;NEXT
7766;819;04.03.2023 7:38;SHORT_APPLICATION;NEXT
7755;820;04.03.2023 7:38;FULL_APPLICATION;APPROVE
7767;821;04.03.2023 7:39;SHORT_APPLICATION;NEXT
7768;822;04.03.2023 7:40;SHORT_APPLICATION;NEXT
7738;823;04.03.2023 7:40;FULL_APPLICATION;DECLINE
7744;824;04.03.2023 7:40;FULL_APPLICATION;DECLINE
7750;825;04.03.2023 7:40;FULL_APPLICATION;APPROVE
7769;826;04.03.2023 7:41;SHORT_APPLICATION;NEXT
7733;827;04.03.2023 7:41;FULL_APPLICATION;DECLINE
7726;828;04.03.2023 7:41;FULL_APPLICATION;APPROVE
7729;829;04.03.2023 7:41;FULL_APPLICATION;DECLINE
7770;830;04.03.2023 7:42;SHORT_APPLICATION;NEXT
7749;831;04.03.2023 7:42;FULL_APPLICATION;APPROVE
7762;832;04.03.2023 7:42;FULL_APPLICATION;DECLINE
7768;833;04.03.2023 7:42;FULL_APPLICATION;DECLINE
7771;834;04.03.2023 7:43;SHORT_APPLICATION;NEXT
7760;835;04.03.2023 7:43;FULL_APPLICATION;DECLINE
7772;836;04.03.2023 7:44;SHORT_APPLICATION;NEXT
7773;837;04.03.2023 7:45;SHORT_APPLICATION;NEXT
7739;838;04.03.2023 7:45;FULL_APPLICATION;DECLINE
7774;839;04.03.2023 7:46;SHORT_APPLICATION;NEXT
7775;840;04.03.2023 7:47;SHORT_APPLICATION;NEXT
7776;841;04.03.2023 7:48;SHORT_APPLICATION;NEXT
7746;842;04.03.2023 7:48;FULL_APPLICATION;DECLINE
7777;843;04.03.2023 7:49;SHORT_APPLICATION;NEXT
7743;844;04.03.2023 7:49;FULL_APPLICATION;DECLINE
7778;845;04.03.2023 7:50;SHORT_APPLICATION;NEXT
7779;846;04.03.2023 7:51;SHORT_APPLICATION;NEXT
7780;847;04.03.2023 7:52;SHORT_APPLICATION;DECLINE
7757;848;04.03.2023 7:52;FULL_APPLICATION;DECLINE
7781;849;04.03.2023 7:53;SHORT_APPLICATION;DECLINE
7782;850;04.03.2023 7:54;SHORT_APPLICATION;NEXT
7772;851;04.03.2023 7:54;FULL_APPLICATION;DECLINE
7783;852;04.03.2023 7:55;SHORT_APPLICATION;DECLINE
7784;853;04.03.2023 7:56;SHORT_APPLICATION;NEXT
7785;854;04.03.2023 7:57;SHORT_APPLICATION;DECLINE
7786;855;04.03.2023 7:58;SHORT_APPLICATION;DECLINE
7752;856;04.03.2023 7:58;FULL_APPLICATION;DECLINE
7787;857;04.03.2023 7:59;SHORT_APPLICATION;NEXT
7756;858;04.03.2023 7:59;FULL_APPLICATION;APPROVE
7788;859;04.03.2023 8:00;SHORT_APPLICATION;NEXT
7764;860;04.03.2023 8:00;FULL_APPLICATION;APPROVE
7789;861;04.03.2023 8:01;SHORT_APPLICATION;NEXT
7753;862;04.03.2023 8:01;FULL_APPLICATION;APPROVE
7790;863;04.03.2023 8:02;SHORT_APPLICATION;NEXT
7773;864;04.03.2023 8:02;FULL_APPLICATION;APPROVE
7769;865;04.03.2023 8:02;FULL_APPLICATION;DECLINE
7791;866;04.03.2023 8:03;SHORT_APPLICATION;NEXT
7792;867;04.03.2023 8:04;SHORT_APPLICATION;NEXT
7793;868;04.03.2023 8:05;SHORT_APPLICATION;NEXT
7794;869;04.03.2023 8:06;SHORT_APPLICATION;NEXT
7776;870;04.03.2023 8:06;FULL_APPLICATION;DECLINE
7795;871;04.03.2023 8:07;SHORT_APPLICATION;DECLINE
7796;872;04.03.2023 8:08;SHORT_APPLICATION;DECLINE
7759;873;04.03.2023 8:08;FULL_APPLICATION;DECLINE
7797;874;04.03.2023 8:09;SHORT_APPLICATION;NEXT
7777;875;04.03.2023 8:09;FULL_APPLICATION;DECLINE
7798;876;04.03.2023 8:10;SHORT_APPLICATION;NEXT
7799;877;04.03.2023 8:11;SHORT_APPLICATION;NEXT
7800;878;04.03.2023 8:12;SHORT_APPLICATION;NEXT
7801;879;04.03.2023 8:13;SHORT_APPLICATION;NEXT
7778;880;04.03.2023 8:13;FULL_APPLICATION;DECLINE
7784;881;04.03.2023 8:13;FULL_APPLICATION;DECLINE
7770;882;04.03.2023 8:13;FULL_APPLICATION;DECLINE
7802;883;04.03.2023 8:14;SHORT_APPLICATION;NEXT
7801;884;04.03.2023 8:14;FULL_APPLICATION;DECLINE
7787;885;04.03.2023 8:14;FULL_APPLICATION;DECLINE
7800;886;04.03.2023 8:14;FULL_APPLICATION;DECLINE
7803;887;04.03.2023 8:15;SHORT_APPLICATION;NEXT
7763;888;04.03.2023 8:15;FULL_APPLICATION;DECLINE
7804;889;04.03.2023 8:16;SHORT_APPLICATION;NEXT
7794;890;04.03.2023 8:16;FULL_APPLICATION;DECLINE
7767;891;04.03.2023 8:16;FULL_APPLICATION;DECLINE
7805;892;04.03.2023 8:17;SHORT_APPLICATION;NEXT
7803;893;04.03.2023 8:17;FULL_APPLICATION;DECLINE
7806;894;04.03.2023 8:18;SHORT_APPLICATION;DECLINE
7792;895;04.03.2023 8:18;FULL_APPLICATION;APPROVE
7807;896;04.03.2023 8:19;SHORT_APPLICATION;NEXT
7797;897;04.03.2023 8:19;FULL_APPLICATION;DECLINE
7766;898;04.03.2023 8:19;FULL_APPLICATION;DECLINE
7779;899;04.03.2023 8:19;FULL_APPLICATION;DECLINE
7808;900;04.03.2023 8:20;SHORT_APPLICATION;DECLINE
7775;901;04.03.2023 8:20;FULL_APPLICATION;DECLINE
7765;902;04.03.2023 8:20;FULL_APPLICATION;DECLINE
7771;903;04.03.2023 8:20;FULL_APPLICATION;APPROVE
7809;904;04.03.2023 8:21;SHORT_APPLICATION;NEXT
7810;905;04.03.2023 8:22;SHORT_APPLICATION;NEXT
7811;906;04.03.2023 8:23;SHORT_APPLICATION;NEXT
7788;907;04.03.2023 8:23;FULL_APPLICATION;DECLINE
7812;908;04.03.2023 8:24;SHORT_APPLICATION;NEXT
7791;909;04.03.2023 8:24;FULL_APPLICATION;DECLINE
7813;910;04.03.2023 8:25;SHORT_APPLICATION;NEXT
7812;911;04.03.2023 8:25;FULL_APPLICATION;APPROVE
7814;912;04.03.2023 8:26;SHORT_APPLICATION;NEXT
7774;913;04.03.2023 8:26;FULL_APPLICATION;DECLINE
7815;914;04.03.2023 8:27;SHORT_APPLICATION;NEXT
7805;915;04.03.2023 8:27;FULL_APPLICATION;APPROVE
7782;916;04.03.2023 8:27;FULL_APPLICATION;DECLINE
7816;917;04.03.2023 8:28;SHORT_APPLICATION;NEXT
7817;918;04.03.2023 8:29;SHORT_APPLICATION;NEXT
7810;919;04.03.2023 8:29;FULL_APPLICATION;APPROVE
7818;920;04.03.2023 8:30;SHORT_APPLICATION;NEXT
7819;921;04.03.2023 8:31;SHORT_APPLICATION;DECLINE
7820;922;04.03.2023 8:32;SHORT_APPLICATION;NEXT
7793;923;04.03.2023 8:32;FULL_APPLICATION;APPROVE
7821;924;04.03.2023 8:33;SHORT_APPLICATION;NEXT
7809;925;04.03.2023 8:33;FULL_APPLICATION;DECLINE
7822;926;04.03.2023 8:34;SHORT_APPLICATION;NEXT
7802;927;04.03.2023 8:34;FULL_APPLICATION;DECLINE
7798;928;04.03.2023 8:34;FULL_APPLICATION;DECLINE
7823;929;04.03.2023 8:35;SHORT_APPLICATION;NEXT
7822;930;04.03.2023 8:35;FULL_APPLICATION;APPROVE
7824;931;04.03.2023 8:36;SHORT_APPLICATION;NEXT
7820;932;04.03.2023 8:36;FULL_APPLICATION;APPROVE
7825;933;04.03.2023 8:37;SHORT_APPLICATION;NEXT
7804;934;04.03.2023 8:37;FULL_APPLICATION;APPROVE
7826;935;04.03.2023 8:38;SHORT_APPLICATION;NEXT
7816;936;04.03.2023 8:38;FULL_APPLICATION;DECLINE
7827;937;04.03.2023 8:39;SHORT_APPLICATION;NEXT
7828;938;04.03.2023 8:40;SHORT_APPLICATION;NEXT
7829;939;04.03.2023 8:41;SHORT_APPLICATION;NEXT
7830;940;04.03.2023 8:42;SHORT_APPLICATION;NEXT
7799;941;04.03.2023 8:42;FULL_APPLICATION;DECLINE
7831;942;04.03.2023 8:43;SHORT_APPLICATION;NEXT
7790;943;04.03.2023 8:43;FULL_APPLICATION;DECLINE
7832;944;04.03.2023 8:44;SHORT_APPLICATION;NEXT
7789;945;04.03.2023 8:44;FULL_APPLICATION;APPROVE
7828;946;04.03.2023 8:44;FULL_APPLICATION;DECLINE
7833;947;04.03.2023 8:45;SHORT_APPLICATION;DECLINE
7834;948;04.03.2023 8:46;SHORT_APPLICATION;NEXT
7835;949;04.03.2023 8:47;SHORT_APPLICATION;DECLINE
7815;950;04.03.2023 8:47;FULL_APPLICATION;DECLINE
7811;951;04.03.2023 8:47;FULL_APPLICATION;DECLINE
7836;952;04.03.2023 8:48;SHORT_APPLICATION;NEXT
7813;953;04.03.2023 8:48;FULL_APPLICATION;APPROVE
7837;954;04.03.2023 8:49;SHORT_APPLICATION;NEXT
7817;955;04.03.2023 8:49;FULL_APPLICATION;DECLINE
7838;956;04.03.2023 8:50;SHORT_APPLICATION;DECLINE
7839;957;04.03.2023 8:51;SHORT_APPLICATION;NEXT
7818;958;04.03.2023 8:51;FULL_APPLICATION;DECLINE
7840;959;04.03.2023 8:52;SHORT_APPLICATION;NEXT
7841;960;04.03.2023 8:53;SHORT_APPLICATION;DECLINE
7807;961;04.03.2023 8:53;FULL_APPLICATION;DECLINE
7842;962;04.03.2023 8:54;SHORT_APPLICATION;NEXT
7824;963;04.03.2023 8:54;FULL_APPLICATION;DECLINE
7827;964;04.03.2023 8:54;FULL_APPLICATION;APPROVE
7843;965;04.03.2023 8:55;SHORT_APPLICATION;NEXT
7844;966;04.03.2023 8:56;SHORT_APPLICATION;DECLINE
7845;967;04.03.2023 8:57;SHORT_APPLICATION;DECLINE
7846;968;04.03.2023 8:58;SHORT_APPLICATION;NEXT
7847;969;04.03.2023 8:59;SHORT_APPLICATION;NEXT
7848;970;04.03.2023 9:00;SHORT_APPLICATION;NEXT
7814;971;04.03.2023 9:00;FULL_APPLICATION;DECLINE
7836;972;04.03.2023 9:00;FULL_APPLICATION;APPROVE
7849;973;04.03.2023 9:01;SHORT_APPLICATION;NEXT
7821;974;04.03.2023 9:01;FULL_APPLICATION;APPROVE
7850;975;04.03.2023 9:02;SHORT_APPLICATION;NEXT
7851;976;04.03.2023 9:03;SHORT_APPLICATION;NEXT
7847;977;04.03.2023 9:03;FULL_APPLICATION;DECLINE
7852;978;04.03.2023 9:04;SHORT_APPLICATION;NEXT
7851;979;04.03.2023 9:04;FULL_APPLICATION;DECLINE
7837;980;04.03.2023 9:04;FULL_APPLICATION;APPROVE
7853;981;04.03.2023 9:05;SHORT_APPLICATION;NEXT
7854;982;04.03.2023 9:06;SHORT_APPLICATION;NEXT
7849;983;04.03.2023 9:06;FULL_APPLICATION;DECLINE
7855;984;04.03.2023 9:07;SHORT_APPLICATION;NEXT
7856;985;04.03.2023 9:08;SHORT_APPLICATION;DECLINE
7857;986;04.03.2023 9:09;SHORT_APPLICATION;NEXT
7823;987;04.03.2023 9:09;FULL_APPLICATION;APPROVE
7858;988;04.03.2023 9:10;SHORT_APPLICATION;NEXT
7850;989;04.03.2023 9:10;FULL_APPLICATION;DECLINE
7859;990;04.03.2023 9:11;SHORT_APPLICATION;NEXT
7829;991;04.03.2023 9:11;FULL_APPLICATION;DECLINE
7832;992;04.03.2023 9:11;FULL_APPLICATION;DECLINE
7860;993;04.03.2023 9:12;SHORT_APPLICATION;DECLINE
7842;994;04.03.2023 9:12;FULL_APPLICATION;DECLINE
7861;995;04.03.2023 9:13;SHORT_APPLICATION;DECLINE
7840;996;04.03.2023 9:13;FULL_APPLICATION;APPROVE
7862;997;04.03.2023 9:14;SHORT_APPLICATION;NEXT
7825;998;04.03.2023 9:14;FULL_APPLICATION;APPROVE
7863;999;04.03.2023 9:15;SHORT_APPLICATION;NEXT
7864;1000;04.03.2023 9:16;SHORT_APPLICATION;NEXT
7843;1001;04.03.2023 9:16;FULL_APPLICATION;APPROVE
7826;1002;04.03.2023 9:16;FULL_APPLICATION;APPROVE
7865;1003;04.03.2023 9:17;SHORT_APPLICATION;DECLINE
7848;1004;04.03.2023 9:17;FULL_APPLICATION;APPROVE
7866;1005;04.03.2023 9:18;SHORT_APPLICATION;NEXT
7867;1006;04.03.2023 9:19;SHORT_APPLICATION;NEXT
7846;1007;04.03.2023 9:19;FULL_APPLICATION;APPROVE
7868;1008;04.03.2023 9:20;SHORT_APPLICATION;NEXT
7858;1009;04.03.2023 9:20;FULL_APPLICATION;DECLINE
7867;1010;04.03.2023 9:20;FULL_APPLICATION;DECLINE
7869;1011;04.03.2023 9:21;SHORT_APPLICATION;NEXT
7831;1012;04.03.2023 9:21;FULL_APPLICATION;DECLINE
7870;1013;04.03.2023 9:22;SHORT_APPLICATION;DECLINE
7871;1014;04.03.2023 9:23;SHORT_APPLICATION;NEXT
7834;1015;04.03.2023 9:23;FULL_APPLICATION;DECLINE
7830;1016;04.03.2023 9:23;FULL_APPLICATION;DECLINE
7872;1017;04.03.2023 9:24;SHORT_APPLICATION;NEXT
7855;1018;04.03.2023 9:24;FULL_APPLICATION;DECLINE
7873;1019;04.03.2023 9:25;SHORT_APPLICATION;NEXT
7869;1020;04.03.2023 9:25;FULL_APPLICATION;DECLINE
7874;1021;04.03.2023 9:26;SHORT_APPLICATION;NEXT
7875;1022;04.03.2023 9:27;SHORT_APPLICATION;NEXT
7876;1023;04.03.2023 9:28;SHORT_APPLICATION;NEXT
7839;1024;04.03.2023 9:28;FULL_APPLICATION;APPROVE
7877;1025;04.03.2023 9:29;SHORT_APPLICATION;NEXT
7878;1026;04.03.2023 9:30;SHORT_APPLICATION;NEXT
7879;1027;04.03.2023 9:31;SHORT_APPLICATION;NEXT
7874;1028;04.03.2023 9:31;FULL_APPLICATION;APPROVE
7864;1029;04.03.2023 9:31;FULL_APPLICATION;DECLINE
7880;1030;04.03.2023 9:32;SHORT_APPLICATION;NEXT
7881;1031;04.03.2023 9:33;SHORT_APPLICATION;NEXT
7880;1032;04.03.2023 9:33;FULL_APPLICATION;DECLINE
7853;1033;04.03.2023 9:33;FULL_APPLICATION;DECLINE
7879;1034;04.03.2023 9:33;FULL_APPLICATION;DECLINE
7882;1035;04.03.2023 9:34;SHORT_APPLICATION;NEXT
7883;1036;04.03.2023 9:35;SHORT_APPLICATION;NEXT
7884;1037;04.03.2023 9:36;SHORT_APPLICATION;NEXT
7857;1038;04.03.2023 9:36;FULL_APPLICATION;DECLINE
7859;1039;04.03.2023 9:36;FULL_APPLICATION;DECLINE
7885;1040;04.03.2023 9:37;SHORT_APPLICATION;NEXT
7878;1041;04.03.2023 9:37;FULL_APPLICATION;DECLINE
7886;1042;04.03.2023 9:38;SHORT_APPLICATION;NEXT
7872;1043;04.03.2023 9:38;FULL_APPLICATION;APPROVE
7887;1044;04.03.2023 9:39;SHORT_APPLICATION;NEXT
7886;1045;04.03.2023 9:39;FULL_APPLICATION;APPROVE
7863;1046;04.03.2023 9:39;FULL_APPLICATION;APPROVE
7888;1047;04.03.2023 9:40;SHORT_APPLICATION;NEXT
7852;1048;04.03.2023 9:40;FULL_APPLICATION;DECLINE
7881;1049;04.03.2023 9:40;FULL_APPLICATION;APPROVE
7889;1050;04.03.2023 9:41;SHORT_APPLICATION;DECLINE
7875;1051;04.03.2023 9:41;FULL_APPLICATION;DECLINE
7890;1052;04.03.2023 9:42;SHORT_APPLICATION;NEXT
7873;1053;04.03.2023 9:42;FULL_APPLICATION;APPROVE
7866;1054;04.03.2023 9:42;FULL_APPLICATION;DECLINE
7891;1055;04.03.2023 9:43;SHORT_APPLICATION;NEXT
7854;1056;04.03.2023 9:43;FULL_APPLICATION;APPROVE
7892;1057;04.03.2023 9:44;SHORT_APPLICATION;NEXT
7885;1058;04.03.2023 9:44;FULL_APPLICATION;DECLINE
7862;1059;04.03.2023 9:44;FULL_APPLICATION;DECLINE
7871;1060;04.03.2023 9:44;FULL_APPLICATION;DECLINE
7893;1061;04.03.2023 9:45;SHORT_APPLICATION;NEXT
7883;1062;04.03.2023 9:45;FULL_APPLICATION;APPROVE
7894;1063;04.03.2023 9:46;SHORT_APPLICATION;NEXT
7895;1064;04.03.2023 9:47;SHORT_APPLICATION;DECLINE
7868;1065;04.03.2023 9:47;FULL_APPLICATION;DECLINE
7896;1066;04.03.2023 9:48;SHORT_APPLICATION;NEXT
7882;1067;04.03.2023 9:48;FULL_APPLICATION;APPROVE
7888;1068;04.03.2023 9:48;FULL_APPLICATION;APPROVE
7897;1069;04.03.2023 9:49;SHORT_APPLICATION;NEXT
7898;1070;04.03.2023 9:50;SHORT_APPLICATION;NEXT
7899;1071;04.03.2023 9:51;SHORT_APPLICATION;NEXT
7887;1072;04.03.2023 9:51;FULL_APPLICATION;DECLINE
7900;1073;04.03.2023 9:52;SHORT_APPLICATION;NEXT
7901;1074;04.03.2023 9:53;SHORT_APPLICATION;NEXT
7902;1075;04.03.2023 9:54;SHORT_APPLICATION;NEXT
7903;1076;04.03.2023 9:55;SHORT_APPLICATION;NEXT
7904;1077;04.03.2023 9:56;SHORT_APPLICATION;NEXT
7900;1078;04.03.2023 9:56;FULL_APPLICATION;DECLINE
7905;1079;04.03.2023 9:57;SHORT_APPLICATION;NEXT
7906;1080;04.03.2023 9:58;SHORT_APPLICATION;NEXT
7907;1081;04.03.2023 9:59;SHORT_APPLICATION;DECLINE
7908;1082;04.03.2023 10:00;SHORT_APPLICATION;NEXT
7909;1083;04.03.2023 10:01;SHORT_APPLICATION;NEXT
7876;1084;04.03.2023 10:01;FULL_APPLICATION;DECLINE
7910;1085;04.03.2023 10:02;SHORT_APPLICATION;NEXT
7877;1086;04.03.2023 10:02;FULL_APPLICATION;DECLINE
7911;1087;04.03.2023 10:03;SHORT_APPLICATION;NEXT
7912;1088;04.03.2023 10:04;SHORT_APPLICATION;NEXT
7902;1089;04.03.2023 10:04;FULL_APPLICATION;DECLINE
7884;1090;04.03.2023 10:04;FULL_APPLICATION;DECLINE
7913;1091;04.03.2023 10:05;SHORT_APPLICATION;NEXT
7914;1092;04.03.2023 10:06;SHORT_APPLICATION;DECLINE
7915;1093;04.03.2023 10:07;SHORT_APPLICATION;DECLINE
7916;1094;04.03.2023 10:08;SHORT_APPLICATION;DECLINE
7917;1095;04.03.2023 10:09;SHORT_APPLICATION;NEXT
7906;1096;04.03.2023 10:09;FULL_APPLICATION;DECLINE
7918;1097;04.03.2023 10:10;SHORT_APPLICATION;DECLINE
7894;1098;04.03.2023 10:10;FULL_APPLICATION;DECLINE
7919;1099;04.03.2023 10:11;SHORT_APPLICATION;NEXT
7920;1100;04.03.2023 10:12;SHORT_APPLICATION;NEXT
7921;1101;04.03.2023 10:13;SHORT_APPLICATION;NEXT
7890;1102;04.03.2023 10:13;FULL_APPLICATION;DECLINE
7922;1103;04.03.2023 10:14;SHORT_APPLICATION;NEXT
7891;1104;04.03.2023 10:14;FULL_APPLICATION;APPROVE
7923;1105;04.03.2023 10:15;SHORT_APPLICATION;NEXT
7924;1106;04.03.2023 10:16;SHORT_APPLICATION;DECLINE
7925;1107;04.03.2023 10:17;SHORT_APPLICATION;NEXT
7926;1108;04.03.2023 10:18;SHORT_APPLICATION;NEXT
7927;1109;04.03.2023 10:19;SHORT_APPLICATION;NEXT
7928;1110;04.03.2023 10:20;SHORT_APPLICATION;NEXT
7898;1111;04.03.2023 10:20;FULL_APPLICATION;DECLINE
7897;1112;04.03.2023 10:20;FULL_APPLICATION;DECLINE
7929;1113;04.03.2023 10:21;SHORT_APPLICATION;DECLINE
7909;1114;04.03.2023 10:21;FULL_APPLICATION;DECLINE
7901;1115;04.03.2023 10:21;FULL_APPLICATION;APPROVE
7930;1116;04.03.2023 10:22;SHORT_APPLICATION;NEXT
7913;1117;04.03.2023 10:22;FULL_APPLICATION;DECLINE
7931;1118;04.03.2023 10:23;SHORT_APPLICATION;DECLINE
7919;1119;04.03.2023 10:23;FULL_APPLICATION;DECLINE
7932;1120;04.03.2023 10:24;SHORT_APPLICATION;NEXT
7933;1121;04.03.2023 10:25;SHORT_APPLICATION;NEXT
7908;1122;04.03.2023 10:25;FULL_APPLICATION;DECLINE
7934;1123;04.03.2023 10:26;SHORT_APPLICATION;NEXT
7893;1124;04.03.2023 10:26;FULL_APPLICATION;APPROVE
7935;1125;04.03.2023 10:27;SHORT_APPLICATION;DECLINE
7892;1126;04.03.2023 10:27;FULL_APPLICATION;DECLINE
7905;1127;04.03.2023 10:27;FULL_APPLICATION;DECLINE
7936;1128;04.03.2023 10:28;SHORT_APPLICATION;DECLINE
7937;1129;04.03.2023 10:29;SHORT_APPLICATION;NEXT
7927;1130;04.03.2023 10:29;FULL_APPLICATION;APPROVE
7903;1131;04.03.2023 10:29;FULL_APPLICATION;APPROVE
7938;1132;04.03.2023 10:30;SHORT_APPLICATION;NEXT
7939;1133;04.03.2023 10:31;SHORT_APPLICATION;NEXT
7896;1134;04.03.2023 10:31;FULL_APPLICATION;DECLINE
7899;1135;04.03.2023 10:31;FULL_APPLICATION;DECLINE
7940;1136;04.03.2023 10:32;SHORT_APPLICATION;NEXT
7917;1137;04.03.2023 10:32;FULL_APPLICATION;APPROVE
7920;1138;04.03.2023 10:32;FULL_APPLICATION;DECLINE
7941;1139;04.03.2023 10:33;SHORT_APPLICATION;NEXT
7942;1140;04.03.2023 10:34;SHORT_APPLICATION;NEXT
7912;1141;04.03.2023 10:34;FULL_APPLICATION;DECLINE
7943;1142;04.03.2023 10:35;SHORT_APPLICATION;DECLINE
7944;1143;04.03.2023 10:36;SHORT_APPLICATION;NEXT
7904;1144;04.03.2023 10:36;FULL_APPLICATION;APPROVE
7945;1145;04.03.2023 10:37;SHORT_APPLICATION;NEXT
7922;1146;04.03.2023 10:37;FULL_APPLICATION;APPROVE
7911;1147;04.03.2023 10:37;FULL_APPLICATION;DECLINE
7946;1148;04.03.2023 10:38;SHORT_APPLICATION;NEXT
7947;1149;04.03.2023 10:39;SHORT_APPLICATION;NEXT
7948;1150;04.03.2023 10:40;SHORT_APPLICATION;DECLINE
7928;1151;04.03.2023 10:40;FULL_APPLICATION;DECLINE
7944;1152;04.03.2023 10:40;FULL_APPLICATION;DECLINE
7949;1153;04.03.2023 10:41;SHORT_APPLICATION;NEXT
7941;1154;04.03.2023 10:41;FULL_APPLICATION;DECLINE
7950;1155;04.03.2023 10:42;SHORT_APPLICATION;NEXT
7930;1156;04.03.2023 10:42;FULL_APPLICATION;APPROVE
7933;1157;04.03.2023 10:42;FULL_APPLICATION;APPROVE
7910;1158;04.03.2023 10:42;FULL_APPLICATION;DECLINE
7932;1159;04.03.2023 10:42;FULL_APPLICATION;DECLINE
7951;1160;04.03.2023 10:43;SHORT_APPLICATION;DECLINE
7923;1161;04.03.2023 10:43;FULL_APPLICATION;APPROVE
7926;1162;04.03.2023 10:43;FULL_APPLICATION;DECLINE
7952;1163;04.03.2023 10:44;SHORT_APPLICATION;NEXT
7942;1164;04.03.2023 10:44;FULL_APPLICATION;DECLINE
7953;1165;04.03.2023 10:45;SHORT_APPLICATION;NEXT
7954;1166;04.03.2023 10:46;SHORT_APPLICATION;DECLINE
7955;1167;04.03.2023 10:47;SHORT_APPLICATION;NEXT
7925;1168;04.03.2023 10:47;FULL_APPLICATION;DECLINE
7950;1169;04.03.2023 10:47;FULL_APPLICATION;DECLINE
7940;1170;04.03.2023 10:47;FULL_APPLICATION;DECLINE
7956;1171;04.03.2023 10:48;SHORT_APPLICATION;NEXT
7957;1172;04.03.2023 10:49;SHORT_APPLICATION;NEXT
7958;1173;04.03.2023 10:50;SHORT_APPLICATION;NEXT
7959;1174;04.03.2023 10:51;SHORT_APPLICATION;NEXT
7960;1175;04.03.2023 10:52;SHORT_APPLICATION;NEXT
7937;1176;04.03.2023 10:52;FULL_APPLICATION;DECLINE
7961;1177;04.03.2023 10:53;SHORT_APPLICATION;NEXT
7921;1178;04.03.2023 10:53;FULL_APPLICATION;DECLINE
7934;1179;04.03.2023 10:53;FULL_APPLICATION;DECLINE
7962;1180;04.03.2023 10:54;SHORT_APPLICATION;NEXT
7963;1181;04.03.2023 10:55;SHORT_APPLICATION;NEXT
7964;1182;04.03.2023 10:56;SHORT_APPLICATION;NEXT
7963;1183;04.03.2023 10:56;FULL_APPLICATION;DECLINE
7965;1184;04.03.2023 10:57;SHORT_APPLICATION;NEXT
7966;1185;04.03.2023 10:58;SHORT_APPLICATION;NEXT
7967;1186;04.03.2023 10:59;SHORT_APPLICATION;NEXT
7968;1187;04.03.2023 11:00;SHORT_APPLICATION;NEXT
7966;1188;04.03.2023 11:00;FULL_APPLICATION;APPROVE
7969;1189;04.03.2023 11:01;SHORT_APPLICATION;DECLINE
7970;1190;04.03.2023 11:02;SHORT_APPLICATION;DECLINE
7971;1191;04.03.2023 11:03;SHORT_APPLICATION;NEXT
7972;1192;04.03.2023 11:04;SHORT_APPLICATION;NEXT
7955;1193;04.03.2023 11:04;FULL_APPLICATION;APPROVE
7973;1194;04.03.2023 11:05;SHORT_APPLICATION;NEXT
7974;1195;04.03.2023 11:06;SHORT_APPLICATION;NEXT
7947;1196;04.03.2023 11:06;FULL_APPLICATION;DECLINE
7975;1197;04.03.2023 11:07;SHORT_APPLICATION;NEXT
7938;1198;04.03.2023 11:07;FULL_APPLICATION;DECLINE
7976;1199;04.03.2023 11:08;SHORT_APPLICATION;NEXT
7949;1200;04.03.2023 11:08;FULL_APPLICATION;DECLINE
7945;1201;04.03.2023 11:08;FULL_APPLICATION;DECLINE
7977;1202;04.03.2023 11:09;SHORT_APPLICATION;DECLINE
7939;1203;04.03.2023 11:09;FULL_APPLICATION;DECLINE
7978;1204;04.03.2023 11:10;SHORT_APPLICATION;NEXT
7973;1205;04.03.2023 11:10;FULL_APPLICATION;DECLINE
7979;1206;04.03.2023 11:11;SHORT_APPLICATION;DECLINE
7956;1207;04.03.2023 11:11;FULL_APPLICATION;DECLINE
7980;1208;04.03.2023 11:12;SHORT_APPLICATION;NEXT
7981;1209;04.03.2023 11:13;SHORT_APPLICATION;NEXT
7982;1210;04.03.2023 11:14;SHORT_APPLICATION;NEXT
7967;1211;04.03.2023 11:14;FULL_APPLICATION;APPROVE
7983;1212;04.03.2023 11:15;SHORT_APPLICATION;NEXT
7982;1213;04.03.2023 11:15;FULL_APPLICATION;DECLINE
7946;1214;04.03.2023 11:15;FULL_APPLICATION;APPROVE
7962;1215;04.03.2023 11:15;FULL_APPLICATION;DECLINE
7981;1216;04.03.2023 11:15;FULL_APPLICATION;DECLINE
7958;1217;04.03.2023 11:15;FULL_APPLICATION;DECLINE
7984;1218;04.03.2023 11:16;SHORT_APPLICATION;NEXT
7974;1219;04.03.2023 11:16;FULL_APPLICATION;APPROVE
7985;1220;04.03.2023 11:17;SHORT_APPLICATION;NEXT
7986;1221;04.03.2023 11:18;SHORT_APPLICATION;NEXT
7965;1222;04.03.2023 11:18;FULL_APPLICATION;DECLINE
7961;1223;04.03.2023 11:18;FULL_APPLICATION;DECLINE
7987;1224;04.03.2023 11:19;SHORT_APPLICATION;NEXT
7988;1225;04.03.2023 11:20;SHORT_APPLICATION;NEXT
7989;1226;04.03.2023 11:21;SHORT_APPLICATION;NEXT
7990;1227;04.03.2023 11:22;SHORT_APPLICATION;NEXT
7952;1228;04.03.2023 11:22;FULL_APPLICATION;APPROVE
7991;1229;04.03.2023 11:23;SHORT_APPLICATION;NEXT
7957;1230;04.03.2023 11:23;FULL_APPLICATION;DECLINE
7953;1231;04.03.2023 11:23;FULL_APPLICATION;DECLINE
7992;1232;04.03.2023 11:24;SHORT_APPLICATION;NEXT
7993;1233;04.03.2023 11:25;SHORT_APPLICATION;NEXT
7994;1234;04.03.2023 11:26;SHORT_APPLICATION;NEXT
7995;1235;04.03.2023 11:27;SHORT_APPLICATION;DECLINE
7959;1236;04.03.2023 11:27;FULL_APPLICATION;APPROVE
7990;1237;04.03.2023 11:27;FULL_APPLICATION;DECLINE
7996;1238;04.03.2023 11:28;SHORT_APPLICATION;NEXT
7997;1239;04.03.2023 11:29;SHORT_APPLICATION;NEXT
7960;1240;04.03.2023 11:29;FULL_APPLICATION;DECLINE
7998;1241;04.03.2023 11:30;SHORT_APPLICATION;NEXT
7971;1242;04.03.2023 11:30;FULL_APPLICATION;DECLINE
7987;1243;04.03.2023 11:30;FULL_APPLICATION;DECLINE
7999;1244;04.03.2023 11:31;SHORT_APPLICATION;NEXT
8000;1245;04.03.2023 11:32;SHORT_APPLICATION;NEXT
8001;1246;04.03.2023 11:33;SHORT_APPLICATION;NEXT
7968;1247;04.03.2023 11:33;FULL_APPLICATION;APPROVE
7964;1248;04.03.2023 11:33;FULL_APPLICATION;DECLINE
8002;1249;04.03.2023 11:34;SHORT_APPLICATION;NEXT
8003;1250;04.03.2023 11:35;SHORT_APPLICATION;NEXT
8004;1251;04.03.2023 11:36;SHORT_APPLICATION;NEXT
7997;1252;04.03.2023 11:36;FULL_APPLICATION;DECLINE
8003;1253;04.03.2023 11:36;FULL_APPLICATION;DECLINE
8005;1254;04.03.2023 11:37;SHORT_APPLICATION;NEXT
8006;1255;04.03.2023 11:38;SHORT_APPLICATION;NEXT
7986;1256;04.03.2023 11:38;FULL_APPLICATION;DECLINE
8007;1257;04.03.2023 11:39;SHORT_APPLICATION;NEXT
7984;1258;04.03.2023 11:39;FULL_APPLICATION;APPROVE
7976;1259;04.03.2023 11:39;FULL_APPLICATION;DECLINE
8008;1260;04.03.2023 11:40;SHORT_APPLICATION;DECLINE
7985;1261;04.03.2023 11:40;FULL_APPLICATION;DECLINE
7998;1262;04.03.2023 11:40;FULL_APPLICATION;DECLINE
7983;1263;04.03.2023 11:40;FULL_APPLICATION;DECLINE
8009;1264;04.03.2023 11:41;SHORT_APPLICATION;NEXT
7978;1265;04.03.2023 11:41;FULL_APPLICATION;DECLINE
8010;1266;04.03.2023 11:42;SHORT_APPLICATION;NEXT
8011;1267;04.03.2023 11:43;SHORT_APPLICATION;NEXT
8012;1268;04.03.2023 11:44;SHORT_APPLICATION;NEXT
7975;1269;04.03.2023 11:44;FULL_APPLICATION;DECLINE
8013;1270;04.03.2023 11:45;SHORT_APPLICATION;NEXT
7993;1271;04.03.2023 11:45;FULL_APPLICATION;APPROVE
8014;1272;04.03.2023 11:46;SHORT_APPLICATION;NEXT
7989;1273;04.03.2023 11:46;FULL_APPLICATION;DECLINE
8015;1274;04.03.2023 11:47;SHORT_APPLICATION;NEXT
7992;1275;04.03.2023 11:47;FULL_APPLICATION;APPROVE
7972;1276;04.03.2023 11:47;FULL_APPLICATION;DECLINE
8016;1277;04.03.2023 11:48;SHORT_APPLICATION;NEXT
8017;1278;04.03.2023 11:49;SHORT_APPLICATION;NEXT
8002;1279;04.03.2023 11:49;FULL_APPLICATION;DECLINE
8018;1280;04.03.2023 11:50;SHORT_APPLICATION;NEXT
7988;1281;04.03.2023 11:50;FULL_APPLICATION;DECLINE
8019;1282;04.03.2023 11:51;SHORT_APPLICATION;NEXT
8004;1283;04.03.2023 11:51;FULL_APPLICATION;APPROVE
8020;1284;04.03.2023 11:52;SHORT_APPLICATION;NEXT
8013;1285;04.03.2023 11:52;FULL_APPLICATION;DECLINE
8016;1286;04.03.2023 11:52;FULL_APPLICATION;DECLINE
8005;1287;04.03.2023 11:52;FULL_APPLICATION;APPROVE
8021;1288;04.03.2023 11:53;SHORT_APPLICATION;NEXT
8022;1289;04.03.2023 11:54;SHORT_APPLICATION;NEXT
8023;1290;04.03.2023 11:55;SHORT_APPLICATION;DECLINE
7980;1291;04.03.2023 11:55;FULL_APPLICATION;APPROVE
8024;1292;04.03.2023 11:56;SHORT_APPLICATION;NEXT
8025;1293;04.03.2023 11:57;SHORT_APPLICATION;NEXT
8014;1294;04.03.2023 11:57;FULL_APPLICATION;APPROVE
8026;1295;04.03.2023 11:58;SHORT_APPLICATION;NEXT
8027;1296;04.03.2023 11:59;SHORT_APPLICATION;NEXT
7991;1297;04.03.2023 11:59;FULL_APPLICATION;APPROVE
8028;1298;04.03.2023 12:00;SHORT_APPLICATION;NEXT
8029;1299;04.03.2023 12:01;SHORT_APPLICATION;NEXT
7996;1300;04.03.2023 12:01;FULL_APPLICATION;DECLINE
8018;1301;04.03.2023 12:01;FULL_APPLICATION;APPROVE
8001;1302;04.03.2023 12:01;FULL_APPLICATION;APPROVE
8030;1303;04.03.2023 12:02;SHORT_APPLICATION;NEXT
8022;1304;04.03.2023 12:02;FULL_APPLICATION;DECLINE
8031;1305;04.03.2023 12:03;SHORT_APPLICATION;DECLINE
8032;1306;04.03.2023 12:04;SHORT_APPLICATION;NEXT
7999;1307;04.03.2023 12:04;FULL_APPLICATION;DECLINE
8033;1308;04.03.2023 12:05;SHORT_APPLICATION;DECLINE
8034;1309;04.03.2023 12:06;SHORT_APPLICATION;NEXT
8020;1310;04.03.2023 12:06;FULL_APPLICATION;DECLINE
8000;1311;04.03.2023 12:06;FULL_APPLICATION;DECLINE
8035;1312;04.03.2023 12:07;SHORT_APPLICATION;NEXT
8017;1313;04.03.2023 12:07;FULL_APPLICATION;DECLINE
7994;1314;04.03.2023 12:07;FULL_APPLICATION;DECLINE
8036;1315;04.03.2023 12:08;SHORT_APPLICATION;NEXT
8037;1316;04.03.2023 12:09;SHORT_APPLICATION;NEXT
8010;1317;04.03.2023 12:09;FULL_APPLICATION;DECLINE
8038;1318;04.03.2023 12:10;SHORT_APPLICATION;NEXT
8024;1319;04.03.2023 12:10;FULL_APPLICATION;DECLINE
8039;1320;04.03.2023 12:11;SHORT_APPLICATION;NEXT
8032;1321;04.03.2023 12:11;FULL_APPLICATION;DECLINE
8040;1322;04.03.2023 12:12;SHORT_APPLICATION;NEXT
8026;1323;04.03.2023 12:12;FULL_APPLICATION;DECLINE
8025;1324;04.03.2023 12:12;FULL_APPLICATION;DECLINE
8041;1325;04.03.2023 12:13;SHORT_APPLICATION;NEXT
8042;1326;04.03.2023 12:14;SHORT_APPLICATION;NEXT
8019;1327;04.03.2023 12:14;FULL_APPLICATION;DECLINE
8012;1328;04.03.2023 12:14;FULL_APPLICATION;DECLINE
8043;1329;04.03.2023 12:15;SHORT_APPLICATION;NEXT
8044;1330;04.03.2023 12:16;SHORT_APPLICATION;NEXT
8034;1331;04.03.2023 12:16;FULL_APPLICATION;APPROVE
8040;1332;04.03.2023 12:16;FULL_APPLICATION;DECLINE
8045;1333;04.03.2023 12:17;SHORT_APPLICATION;NEXT
8011;1334;04.03.2023 12:17;FULL_APPLICATION;DECLINE
8027;1335;04.03.2023 12:17;FULL_APPLICATION;DECLINE
8007;1336;04.03.2023 12:17;FULL_APPLICATION;DECLINE
8046;1337;04.03.2023 12:18;SHORT_APPLICATION;DECLINE
8029;1338;04.03.2023 12:18;FULL_APPLICATION;DECLINE
8006;1339;04.03.2023 12:18;FULL_APPLICATION;DECLINE
8028;1340;04.03.2023 12:18;FULL_APPLICATION;DECLINE
8047;1341;04.03.2023 12:19;SHORT_APPLICATION;DECLINE
8039;1342;04.03.2023 12:19;FULL_APPLICATION;DECLINE
8009;1343;04.03.2023 12:19;FULL_APPLICATION;APPROVE
8048;1344;04.03.2023 12:20;SHORT_APPLICATION;NEXT
8049;1345;04.03.2023 12:21;SHORT_APPLICATION;DECLINE
8050;1346;04.03.2023 12:22;SHORT_APPLICATION;NEXT
8051;1347;04.03.2023 12:23;SHORT_APPLICATION;DECLINE
8043;1348;04.03.2023 12:23;FULL_APPLICATION;DECLINE
8052;1349;04.03.2023 12:24;SHORT_APPLICATION;NEXT
8053;1350;04.03.2023 12:25;SHORT_APPLICATION;NEXT
8054;1351;04.03.2023 12:26;SHORT_APPLICATION;NEXT
8055;1352;04.03.2023 12:27;SHORT_APPLICATION;DECLINE
8056;1353;04.03.2023 12:28;SHORT_APPLICATION;NEXT
8057;1354;04.03.2023 12:29;SHORT_APPLICATION;NEXT
8021;1355;04.03.2023 12:29;FULL_APPLICATION;APPROVE
8058;1356;04.03.2023 12:30;SHORT_APPLICATION;NEXT
8015;1357;04.03.2023 12:30;FULL_APPLICATION;APPROVE
8059;1358;04.03.2023 12:31;SHORT_APPLICATION;NEXT
8041;1359;04.03.2023 12:31;FULL_APPLICATION;DECLINE
8057;1360;04.03.2023 12:31;FULL_APPLICATION;APPROVE
8060;1361;04.03.2023 12:32;SHORT_APPLICATION;NEXT
8037;1362;04.03.2023 12:32;FULL_APPLICATION;DECLINE
8052;1363;04.03.2023 12:32;FULL_APPLICATION;DECLINE
8061;1364;04.03.2023 12:33;SHORT_APPLICATION;NEXT
8062;1365;04.03.2023 12:34;SHORT_APPLICATION;NEXT
8063;1366;04.03.2023 12:35;SHORT_APPLICATION;NEXT
8048;1367;04.03.2023 12:35;FULL_APPLICATION;DECLINE
8064;1368;04.03.2023 12:36;SHORT_APPLICATION;NEXT
8030;1369;04.03.2023 12:36;FULL_APPLICATION;DECLINE
8036;1370;04.03.2023 12:36;FULL_APPLICATION;DECLINE
8065;1371;04.03.2023 12:37;SHORT_APPLICATION;DECLINE
8066;1372;04.03.2023 12:38;SHORT_APPLICATION;NEXT
8067;1373;04.03.2023 12:39;SHORT_APPLICATION;NEXT
8042;1374;04.03.2023 12:39;FULL_APPLICATION;APPROVE
8068;1375;04.03.2023 12:40;SHORT_APPLICATION;NEXT
8061;1376;04.03.2023 12:40;FULL_APPLICATION;DECLINE
8069;1377;04.03.2023 12:41;SHORT_APPLICATION;NEXT
8038;1378;04.03.2023 12:41;FULL_APPLICATION;APPROVE
8070;1379;04.03.2023 12:42;SHORT_APPLICATION;NEXT
8071;1380;04.03.2023 12:43;SHORT_APPLICATION;NEXT
8072;1381;04.03.2023 12:44;SHORT_APPLICATION;NEXT
8073;1382;04.03.2023 12:45;SHORT_APPLICATION;NEXT
8062;1383;04.03.2023 12:45;FULL_APPLICATION;DECLINE
8074;1384;04.03.2023 12:46;SHORT_APPLICATION;NEXT
8056;1385;04.03.2023 12:46;FULL_APPLICATION;DECLINE
8075;1386;04.03.2023 12:47;SHORT_APPLICATION;NEXT
8076;1387;04.03.2023 12:48;SHORT_APPLICATION;DECLINE
8035;1388;04.03.2023 12:48;FULL_APPLICATION;DECLINE
8077;1389;04.03.2023 12:49;SHORT_APPLICATION;NEXT
8078;1390;04.03.2023 12:50;SHORT_APPLICATION;DECLINE
8050;1391;04.03.2023 12:50;FULL_APPLICATION;DECLINE
8053;1392;04.03.2023 12:50;FULL_APPLICATION;APPROVE
8079;1393;04.03.2023 12:51;SHORT_APPLICATION;NEXT
8080;1394;04.03.2023 12:52;SHORT_APPLICATION;NEXT
8081;1395;04.03.2023 12:53;SHORT_APPLICATION;NEXT
8044;1396;04.03.2023 12:53;FULL_APPLICATION;DECLINE
8082;1397;04.03.2023 12:54;SHORT_APPLICATION;NEXT
8083;1398;04.03.2023 12:55;SHORT_APPLICATION;NEXT
8066;1399;04.03.2023 12:55;FULL_APPLICATION;APPROVE
8082;1400;04.03.2023 12:55;FULL_APPLICATION;APPROVE
8045;1401;04.03.2023 12:55;FULL_APPLICATION;DECLINE
8084;1402;04.03.2023 12:56;SHORT_APPLICATION;NEXT
8064;1403;04.03.2023 12:56;FULL_APPLICATION;APPROVE
8085;1404;04.03.2023 12:57;SHORT_APPLICATION;NEXT
8077;1405;04.03.2023 12:57;FULL_APPLICATION;DECLINE
8086;1406;04.03.2023 12:58;SHORT_APPLICATION;NEXT
8087;1407;04.03.2023 12:59;SHORT_APPLICATION;NEXT
8054;1408;04.03.2023 12:59;FULL_APPLICATION;APPROVE
8059;1409;04.03.2023 12:59;FULL_APPLICATION;DECLINE
8088;1410;04.03.2023 13:00;SHORT_APPLICATION;NEXT
8086;1411;04.03.2023 13:00;FULL_APPLICATION;APPROVE
8089;1412;04.03.2023 13:01;SHORT_APPLICATION;NEXT
8084;1413;04.03.2023 13:01;FULL_APPLICATION;DECLINE
8090;1414;04.03.2023 13:02;SHORT_APPLICATION;DECLINE
8080;1415;04.03.2023 13:02;FULL_APPLICATION;DECLINE
8073;1416;04.03.2023 13:02;FULL_APPLICATION;DECLINE
8091;1417;04.03.2023 13:03;SHORT_APPLICATION;NEXT
8068;1418;04.03.2023 13:03;FULL_APPLICATION;DECLINE
8081;1419;04.03.2023 13:03;FULL_APPLICATION;APPROVE
8092;1420;04.03.2023 13:04;SHORT_APPLICATION;NEXT
8093;1421;04.03.2023 13:05;SHORT_APPLICATION;NEXT
8094;1422;04.03.2023 13:06;SHORT_APPLICATION;NEXT
8060;1423;04.03.2023 13:06;FULL_APPLICATION;DECLINE
8095;1424;04.03.2023 13:07;SHORT_APPLICATION;NEXT
8096;1425;04.03.2023 13:08;SHORT_APPLICATION;DECLINE
8097;1426;04.03.2023 13:09;SHORT_APPLICATION;NEXT
8063;1427;04.03.2023 13:09;FULL_APPLICATION;DECLINE
8098;1428;04.03.2023 13:10;SHORT_APPLICATION;NEXT
8099;1429;04.03.2023 13:11;SHORT_APPLICATION;NEXT
8100;1430;04.03.2023 13:12;SHORT_APPLICATION;NEXT
8070;1431;04.03.2023 13:12;FULL_APPLICATION;APPROVE
8092;1432;04.03.2023 13:12;FULL_APPLICATION;APPROVE
8101;1433;04.03.2023 13:13;SHORT_APPLICATION;NEXT
8058;1434;04.03.2023 13:13;FULL_APPLICATION;APPROVE
8102;1435;04.03.2023 13:14;SHORT_APPLICATION;NEXT
8103;1436;04.03.2023 13:15;SHORT_APPLICATION;NEXT
8104;1437;04.03.2023 13:16;SHORT_APPLICATION;NEXT
8083;1438;04.03.2023 13:16;FULL_APPLICATION;DECLINE
8105;1439;04.03.2023 13:17;SHORT_APPLICATION;NEXT
8071;1440;04.03.2023 13:17;FULL_APPLICATION;DECLINE
8087;1441;04.03.2023 13:17;FULL_APPLICATION;DECLINE
8106;1442;04.03.2023 13:18;SHORT_APPLICATION;NEXT
8104;1443;04.03.2023 13:18;FULL_APPLICATION;DECLINE
8107;1444;04.03.2023 13:19;SHORT_APPLICATION;NEXT
8067;1445;04.03.2023 13:19;FULL_APPLICATION;DECLINE
8102;1446;04.03.2023 13:19;FULL_APPLICATION;APPROVE
8108;1447;04.03.2023 13:20;SHORT_APPLICATION;NEXT
8109;1448;04.03.2023 13:21;SHORT_APPLICATION;NEXT
8089;1449;04.03.2023 13:21;FULL_APPLICATION;APPROVE
8072;1450;04.03.2023 13:21;FULL_APPLICATION;APPROVE
8110;1451;04.03.2023 13:22;SHORT_APPLICATION;DECLINE
8074;1452;04.03.2023 13:22;FULL_APPLICATION;DECLINE
8109;1453;04.03.2023 13:22;FULL_APPLICATION;DECLINE
8111;1454;04.03.2023 13:23;SHORT_APPLICATION;DECLINE
8100;1455;04.03.2023 13:23;FULL_APPLICATION;APPROVE
8112;1456;04.03.2023 13:24;SHORT_APPLICATION;DECLINE
8069;1457;04.03.2023 13:24;FULL_APPLICATION;DECLINE
8113;1458;04.03.2023 13:25;SHORT_APPLICATION;DECLINE
8114;1459;04.03.2023 13:26;SHORT_APPLICATION;NEXT
8099;1460;04.03.2023 13:26;FULL_APPLICATION;DECLINE
8115;1461;04.03.2023 13:27;SHORT_APPLICATION;NEXT
8085;1462;04.03.2023 13:27;FULL_APPLICATION;DECLINE
8075;1463;04.03.2023 13:27;FULL_APPLICATION;DECLINE
8097;1464;04.03.2023 13:27;FULL_APPLICATION;DECLINE
8116;1465;04.03.2023 13:28;SHORT_APPLICATION;NEXT
8079;1466;04.03.2023 13:28;FULL_APPLICATION;DECLINE
8098;1467;04.03.2023 13:28;FULL_APPLICATION;DECLINE
8117;1468;04.03.2023 13:29;SHORT_APPLICATION;DECLINE
8118;1469;04.03.2023 13:30;SHORT_APPLICATION;NEXT
8119;1470;04.03.2023 13:31;SHORT_APPLICATION;NEXT
8120;1471;04.03.2023 13:32;SHORT_APPLICATION;DECLINE
8121;1472;04.03.2023 13:33;SHORT_APPLICATION;NEXT
8106;1473;04.03.2023 13:33;FULL_APPLICATION;DECLINE
8122;1474;04.03.2023 13:34;SHORT_APPLICATION;NEXT
8107;1475;04.03.2023 13:34;FULL_APPLICATION;APPROVE
8123;1476;04.03.2023 13:35;SHORT_APPLICATION;NEXT
8093;1477;04.03.2023 13:35;FULL_APPLICATION;DECLINE
8122;1478;04.03.2023 13:35;FULL_APPLICATION;APPROVE
8124;1479;04.03.2023 13:36;SHORT_APPLICATION;DECLINE
8114;1480;04.03.2023 13:36;FULL_APPLICATION;DECLINE
8125;1481;04.03.2023 13:37;SHORT_APPLICATION;NEXT
8091;1482;04.03.2023 13:37;FULL_APPLICATION;DECLINE
8123;1483;04.03.2023 13:37;FULL_APPLICATION;DECLINE
8126;1484;04.03.2023 13:38;SHORT_APPLICATION;NEXT
8127;1485;04.03.2023 13:39;SHORT_APPLICATION;DECLINE
8128;1486;04.03.2023 13:40;SHORT_APPLICATION;NEXT
8094;1487;04.03.2023 13:40;FULL_APPLICATION;DECLINE
8129;1488;04.03.2023 13:41;SHORT_APPLICATION;NEXT
8130;1489;04.03.2023 13:42;SHORT_APPLICATION;NEXT
8125;1490;04.03.2023 13:42;FULL_APPLICATION;APPROVE
8131;1491;04.03.2023 13:43;SHORT_APPLICATION;NEXT
8088;1492;04.03.2023 13:43;FULL_APPLICATION;APPROVE
8101;1493;04.03.2023 13:43;FULL_APPLICATION;DECLINE
8132;1494;04.03.2023 13:44;SHORT_APPLICATION;DECLINE
8133;1495;04.03.2023 13:45;SHORT_APPLICATION;NEXT
8116;1496;04.03.2023 13:45;FULL_APPLICATION;APPROVE
8134;1497;04.03.2023 13:46;SHORT_APPLICATION;NEXT
8103;1498;04.03.2023 13:46;FULL_APPLICATION;DECLINE
8135;1499;04.03.2023 13:47;SHORT_APPLICATION;DECLINE
8095;1500;04.03.2023 13:47;FULL_APPLICATION;DECLINE
8136;1501;04.03.2023 13:48;SHORT_APPLICATION;NEXT
8137;1502;04.03.2023 13:49;SHORT_APPLICATION;NEXT
8138;1503;04.03.2023 13:50;SHORT_APPLICATION;NEXT
8139;1504;04.03.2023 13:51;SHORT_APPLICATION;NEXT
8140;1505;04.03.2023 13:52;SHORT_APPLICATION;NEXT
8141;1506;04.03.2023 13:53;SHORT_APPLICATION;NEXT
8105;1507;04.03.2023 13:53;FULL_APPLICATION;APPROVE
8142;1508;04.03.2023 13:54;SHORT_APPLICATION;DECLINE
8108;1509;04.03.2023 13:54;FULL_APPLICATION;DECLINE
8143;1510;04.03.2023 13:55;SHORT_APPLICATION;DECLINE
8144;1511;04.03.2023 13:56;SHORT_APPLICATION;NEXT
8145;1512;04.03.2023 13:57;SHORT_APPLICATION;NEXT
8115;1513;04.03.2023 13:57;FULL_APPLICATION;DECLINE
8118;1514;04.03.2023 13:57;FULL_APPLICATION;DECLINE
8146;1515;04.03.2023 13:58;SHORT_APPLICATION;DECLINE
8147;1516;04.03.2023 13:59;SHORT_APPLICATION;NEXT
8133;1517;04.03.2023 13:59;FULL_APPLICATION;DECLINE
8148;1518;04.03.2023 14:00;SHORT_APPLICATION;NEXT
8149;1519;04.03.2023 14:01;SHORT_APPLICATION;NEXT
8150;1520;04.03.2023 14:02;SHORT_APPLICATION;NEXT
8151;1521;04.03.2023 14:03;SHORT_APPLICATION;NEXT
8139;1522;04.03.2023 14:03;FULL_APPLICATION;DECLINE
8152;1523;04.03.2023 14:04;SHORT_APPLICATION;NEXT
8153;1524;04.03.2023 14:05;SHORT_APPLICATION;NEXT
8126;1525;04.03.2023 14:05;FULL_APPLICATION;DECLINE
8128;1526;04.03.2023 14:05;FULL_APPLICATION;DECLINE
8154;1527;04.03.2023 14:06;SHORT_APPLICATION;NEXT
8134;1528;04.03.2023 14:06;FULL_APPLICATION;DECLINE
8155;1529;04.03.2023 14:07;SHORT_APPLICATION;NEXT
8145;1530;04.03.2023 14:07;FULL_APPLICATION;APPROVE
8156;1531;04.03.2023 14:08;SHORT_APPLICATION;DECLINE
8157;1532;04.03.2023 14:09;SHORT_APPLICATION;NEXT
8130;1533;04.03.2023 14:09;FULL_APPLICATION;DECLINE
8152;1534;04.03.2023 14:09;FULL_APPLICATION;APPROVE
8158;1535;04.03.2023 14:10;SHORT_APPLICATION;NEXT
8159;1536;04.03.2023 14:11;SHORT_APPLICATION;NEXT
8136;1537;04.03.2023 14:11;FULL_APPLICATION;DECLINE
8129;1538;04.03.2023 14:11;FULL_APPLICATION;DECLINE
8160;1539;04.03.2023 14:12;SHORT_APPLICATION;NEXT
8161;1540;04.03.2023 14:13;SHORT_APPLICATION;NEXT
8140;1541;04.03.2023 14:13;FULL_APPLICATION;DECLINE
8159;1542;04.03.2023 14:13;FULL_APPLICATION;APPROVE
8162;1543;04.03.2023 14:14;SHORT_APPLICATION;NEXT
8119;1544;04.03.2023 14:14;FULL_APPLICATION;DECLINE
8138;1545;04.03.2023 14:14;FULL_APPLICATION;DECLINE
8131;1546;04.03.2023 14:14;FULL_APPLICATION;DECLINE
8121;1547;04.03.2023 14:14;FULL_APPLICATION;DECLINE
8163;1548;04.03.2023 14:15;SHORT_APPLICATION;NEXT
8149;1549;04.03.2023 14:15;FULL_APPLICATION;APPROVE
8164;1550;04.03.2023 14:16;SHORT_APPLICATION;NEXT
8154;1551;04.03.2023 14:16;FULL_APPLICATION;DECLINE
8165;1552;04.03.2023 14:17;SHORT_APPLICATION;NEXT
8151;1553;04.03.2023 14:17;FULL_APPLICATION;DECLINE
8166;1554;04.03.2023 14:18;SHORT_APPLICATION;NEXT
8167;1555;04.03.2023 14:19;SHORT_APPLICATION;NEXT
8157;1556;04.03.2023 14:19;FULL_APPLICATION;DECLINE
8137;1557;04.03.2023 14:19;FULL_APPLICATION;APPROVE
8150;1558;04.03.2023 14:19;FULL_APPLICATION;APPROVE
8168;1559;04.03.2023 14:20;SHORT_APPLICATION;NEXT
8169;1560;04.03.2023 14:21;SHORT_APPLICATION;DECLINE
8158;1561;04.03.2023 14:21;FULL_APPLICATION;DECLINE
8170;1562;04.03.2023 14:22;SHORT_APPLICATION;DECLINE
8171;1563;04.03.2023 14:23;SHORT_APPLICATION;NEXT
8148;1564;04.03.2023 14:23;FULL_APPLICATION;APPROVE
8172;1565;04.03.2023 14:24;SHORT_APPLICATION;NEXT
8173;1566;04.03.2023 14:25;SHORT_APPLICATION;NEXT
8174;1567;04.03.2023 14:26;SHORT_APPLICATION;DECLINE
8175;1568;04.03.2023 14:27;SHORT_APPLICATION;DECLINE
8144;1569;04.03.2023 14:27;FULL_APPLICATION;APPROVE
8176;1570;04.03.2023 14:28;SHORT_APPLICATION;NEXT
8177;1571;04.03.2023 14:29;SHORT_APPLICATION;NEXT
8141;1572;04.03.2023 14:29;FULL_APPLICATION;DECLINE
8178;1573;04.03.2023 14:30;SHORT_APPLICATION;NEXT
8167;1574;04.03.2023 14:30;FULL_APPLICATION;DECLINE
8179;1575;04.03.2023 14:31;SHORT_APPLICATION;NEXT
8180;1576;04.03.2023 14:32;SHORT_APPLICATION;NEXT
8172;1577;04.03.2023 14:32;FULL_APPLICATION;DECLINE
8181;1578;04.03.2023 14:33;SHORT_APPLICATION;DECLINE
8177;1579;04.03.2023 14:33;FULL_APPLICATION;APPROVE
8182;1580;04.03.2023 14:34;SHORT_APPLICATION;NEXT
8161;1581;04.03.2023 14:34;FULL_APPLICATION;APPROVE
8183;1582;04.03.2023 14:35;SHORT_APPLICATION;NEXT
8184;1583;04.03.2023 14:36;SHORT_APPLICATION;NEXT
8185;1584;04.03.2023 14:37;SHORT_APPLICATION;NEXT
8147;1585;04.03.2023 14:37;FULL_APPLICATION;DECLINE
8186;1586;04.03.2023 14:38;SHORT_APPLICATION;DECLINE
8182;1587;04.03.2023 14:38;FULL_APPLICATION;DECLINE
8171;1588;04.03.2023 14:38;FULL_APPLICATION;DECLINE
8187;1589;04.03.2023 14:39;SHORT_APPLICATION;NEXT
8188;1590;04.03.2023 14:40;SHORT_APPLICATION;NEXT
8189;1591;04.03.2023 14:41;SHORT_APPLICATION;DECLINE
8164;1592;04.03.2023 14:41;FULL_APPLICATION;DECLINE
8190;1593;04.03.2023 14:42;SHORT_APPLICATION;NEXT
8191;1594;04.03.2023 14:43;SHORT_APPLICATION;NEXT
8155;1595;04.03.2023 14:43;FULL_APPLICATION;DECLINE
8153;1596;04.03.2023 14:43;FULL_APPLICATION;DECLINE
8192;1597;04.03.2023 14:44;SHORT_APPLICATION;DECLINE
8193;1598;04.03.2023 14:45;SHORT_APPLICATION;DECLINE
8194;1599;04.03.2023 14:46;SHORT_APPLICATION;NEXT
8190;1600;04.03.2023 14:46;FULL_APPLICATION;DECLINE
8160;1601;04.03.2023 14:46;FULL_APPLICATION;DECLINE
8195;1602;04.03.2023 14:47;SHORT_APPLICATION;NEXT
8196;1603;04.03.2023 14:48;SHORT_APPLICATION;NEXT
8165;1604;04.03.2023 14:48;FULL_APPLICATION;APPROVE
8197;1605;04.03.2023 14:49;SHORT_APPLICATION;NEXT
8173;1606;04.03.2023 14:49;FULL_APPLICATION;DECLINE
8198;1607;04.03.2023 14:50;SHORT_APPLICATION;NEXT
8199;1608;04.03.2023 14:51;SHORT_APPLICATION;DECLINE
8163;1609;04.03.2023 14:51;FULL_APPLICATION;DECLINE
8179;1610;04.03.2023 14:51;FULL_APPLICATION;APPROVE
8200;1611;04.03.2023 14:52;SHORT_APPLICATION;NEXT
8180;1612;04.03.2023 14:52;FULL_APPLICATION;APPROVE
8201;1613;04.03.2023 14:53;SHORT_APPLICATION;NEXT
8200;1614;04.03.2023 14:53;FULL_APPLICATION;DECLINE
8202;1615;04.03.2023 14:54;SHORT_APPLICATION;DECLINE
8166;1616;04.03.2023 14:54;FULL_APPLICATION;DECLINE
8162;1617;04.03.2023 14:54;FULL_APPLICATION;DECLINE
8203;1618;04.03.2023 14:55;SHORT_APPLICATION;DECLINE
8204;1619;04.03.2023 14:56;SHORT_APPLICATION;NEXT
8176;1620;04.03.2023 14:56;FULL_APPLICATION;DECLINE
8205;1621;04.03.2023 14:57;SHORT_APPLICATION;NEXT
8195;1622;04.03.2023 14:57;FULL_APPLICATION;APPROVE
8206;1623;04.03.2023 14:58;SHORT_APPLICATION;NEXT
8188;1624;04.03.2023 14:58;FULL_APPLICATION;DECLINE
8191;1625;04.03.2023 14:58;FULL_APPLICATION;DECLINE
8207;1626;04.03.2023 14:59;SHORT_APPLICATION;DECLINE
8208;1627;04.03.2023 15:00;SHORT_APPLICATION;DECLINE
8185;1628;04.03.2023 15:00;FULL_APPLICATION;DECLINE
8209;1629;04.03.2023 15:01;SHORT_APPLICATION;NEXT
8168;1630;04.03.2023 15:01;FULL_APPLICATION;DECLINE
8184;1631;04.03.2023 15:01;FULL_APPLICATION;DECLINE
8210;1632;04.03.2023 15:02;SHORT_APPLICATION;NEXT
8211;1633;04.03.2023 15:03;SHORT_APPLICATION;NEXT
8178;1634;04.03.2023 15:03;FULL_APPLICATION;APPROVE
8212;1635;04.03.2023 15:04;SHORT_APPLICATION;DECLINE
8198;1636;04.03.2023 15:04;FULL_APPLICATION;DECLINE
8204;1637;04.03.2023 15:04;FULL_APPLICATION;DECLINE
8213;1638;04.03.2023 15:05;SHORT_APPLICATION;NEXT
8214;1639;04.03.2023 15:06;SHORT_APPLICATION;DECLINE
8197;1640;04.03.2023 15:06;FULL_APPLICATION;DECLINE
8215;1641;04.03.2023 15:07;SHORT_APPLICATION;NEXT
8210;1642;04.03.2023 15:07;FULL_APPLICATION;APPROVE
8216;1643;04.03.2023 15:08;SHORT_APPLICATION;NEXT
8217;1644;04.03.2023 15:09;SHORT_APPLICATION;DECLINE
8218;1645;04.03.2023 15:10;SHORT_APPLICATION;NEXT
8219;1646;04.03.2023 15:11;SHORT_APPLICATION;NEXT
8194;1647;04.03.2023 15:11;FULL_APPLICATION;DECLINE
8220;1648;04.03.2023 15:12;SHORT_APPLICATION;NEXT
8221;1649;04.03.2023 15:13;SHORT_APPLICATION;NEXT
8183;1650;04.03.2023 15:13;FULL_APPLICATION;APPROVE
8196;1651;04.03.2023 15:13;FULL_APPLICATION;APPROVE
8222;1652;04.03.2023 15:14;SHORT_APPLICATION;NEXT
8223;1653;04.03.2023 15:15;SHORT_APPLICATION;NEXT
8224;1654;04.03.2023 15:16;SHORT_APPLICATION;NEXT
8206;1655;04.03.2023 15:16;FULL_APPLICATION;DECLINE
8225;1656;04.03.2023 15:17;SHORT_APPLICATION;NEXT
8226;1657;04.03.2023 15:18;SHORT_APPLICATION;DECLINE
8227;1658;04.03.2023 15:19;SHORT_APPLICATION;NEXT
8220;1659;04.03.2023 15:19;FULL_APPLICATION;DECLINE
8228;1660;04.03.2023 15:20;SHORT_APPLICATION;NEXT
8187;1661;04.03.2023 15:20;FULL_APPLICATION;DECLINE
8229;1662;04.03.2023 15:21;SHORT_APPLICATION;NEXT
8230;1663;04.03.2023 15:22;SHORT_APPLICATION;NEXT
8219;1664;04.03.2023 15:22;FULL_APPLICATION;DECLINE
8231;1665;04.03.2023 15:23;SHORT_APPLICATION;NEXT
8232;1666;04.03.2023 15:24;SHORT_APPLICATION;DECLINE
8228;1667;04.03.2023 15:24;FULL_APPLICATION;DECLINE
8211;1668;04.03.2023 15:24;FULL_APPLICATION;DECLINE
8233;1669;04.03.2023 15:25;SHORT_APPLICATION;NEXT
8216;1670;04.03.2023 15:25;FULL_APPLICATION;DECLINE
8215;1671;04.03.2023 15:25;FULL_APPLICATION;DECLINE
8234;1672;04.03.2023 15:26;SHORT_APPLICATION;NEXT
8235;1673;04.03.2023 15:27;SHORT_APPLICATION;NEXT
8218;1674;04.03.2023 15:27;FULL_APPLICATION;DECLINE
8201;1675;04.03.2023 15:27;FULL_APPLICATION;DECLINE
8236;1676;04.03.2023 15:28;SHORT_APPLICATION;NEXT
8209;1677;04.03.2023 15:28;FULL_APPLICATION;APPROVE
8237;1678;04.03.2023 15:29;SHORT_APPLICATION;NEXT
8227;1679;04.03.2023 15:29;FULL_APPLICATION;DECLINE
8222;1680;04.03.2023 15:29;FULL_APPLICATION;DECLINE
8238;1681;04.03.2023 15:30;SHORT_APPLICATION;NEXT
8233;1682;04.03.2023 15:30;FULL_APPLICATION;DECLINE
8239;1683;04.03.2023 15:31;SHORT_APPLICATION;DECLINE
8205;1684;04.03.2023 15:31;FULL_APPLICATION;APPROVE
8240;1685;04.03.2023 15:32;SHORT_APPLICATION;NEXT
8213;1686;04.03.2023 15:32;FULL_APPLICATION;DECLINE
8241;1687;04.03.2023 15:33;SHORT_APPLICATION;NEXT
8242;1688;04.03.2023 15:34;SHORT_APPLICATION;NEXT
8243;1689;04.03.2023 15:35;SHORT_APPLICATION;NEXT
8235;1690;04.03.2023 15:35;FULL_APPLICATION;DECLINE
8225;1691;04.03.2023 15:35;FULL_APPLICATION;APPROVE
8244;1692;04.03.2023 15:36;SHORT_APPLICATION;NEXT
8245;1693;04.03.2023 15:37;SHORT_APPLICATION;DECLINE
8246;1694;04.03.2023 15:38;SHORT_APPLICATION;NEXT
8247;1695;04.03.2023 15:39;SHORT_APPLICATION;NEXT
8248;1696;04.03.2023 15:40;SHORT_APPLICATION;NEXT
8249;1697;04.03.2023 15:41;SHORT_APPLICATION;NEXT
8221;1698;04.03.2023 15:41;FULL_APPLICATION;DECLINE
8250;1699;04.03.2023 15:42;SHORT_APPLICATION;DECLINE
8251;1700;04.03.2023 15:43;SHORT_APPLICATION;NEXT
8231;1701;04.03.2023 15:43;FULL_APPLICATION;DECLINE
8234;1702;04.03.2023 15:43;FULL_APPLICATION;APPROVE
8237;1703;04.03.2023 15:43;FULL_APPLICATION;DECLINE
8252;1704;04.03.2023 15:44;SHORT_APPLICATION;NEXT
8253;1705;04.03.2023 15:45;SHORT_APPLICATION;NEXT
8254;1706;04.03.2023 15:46;SHORT_APPLICATION;NEXT
8255;1707;04.03.2023 15:47;SHORT_APPLICATION;NEXT
8256;1708;04.03.2023 15:48;SHORT_APPLICATION;NEXT
8251;1709;04.03.2023 15:48;FULL_APPLICATION;DECLINE
8257;1710;04.03.2023 15:49;SHORT_APPLICATION;DECLINE
8258;1711;04.03.2023 15:50;SHORT_APPLICATION;NEXT
8230;1712;04.03.2023 15:50;FULL_APPLICATION;APPROVE
8259;1713;04.03.2023 15:51;SHORT_APPLICATION;NEXT
8260;1714;04.03.2023 15:52;SHORT_APPLICATION;NEXT
8224;1715;04.03.2023 15:52;FULL_APPLICATION;DECLINE
8261;1716;04.03.2023 15:53;SHORT_APPLICATION;NEXT
8243;1717;04.03.2023 15:53;FULL_APPLICATION;DECLINE
8262;1718;04.03.2023 15:54;SHORT_APPLICATION;NEXT
8229;1719;04.03.2023 15:54;FULL_APPLICATION;APPROVE
8263;1720;04.03.2023 15:55;SHORT_APPLICATION;DECLINE
8264;1721;04.03.2023 15:56;SHORT_APPLICATION;NEXT
8240;1722;04.03.2023 15:56;FULL_APPLICATION;DECLINE
8223;1723;04.03.2023 15:56;FULL_APPLICATION;DECLINE
8265;1724;04.03.2023 15:57;SHORT_APPLICATION;NEXT
8238;1725;04.03.2023 15:57;FULL_APPLICATION;APPROVE
8266;1726;04.03.2023 15:58;SHORT_APPLICATION;NEXT
8236;1727;04.03.2023 15:58;FULL_APPLICATION;DECLINE
8267;1728;04.03.2023 15:59;SHORT_APPLICATION;NEXT
8262;1729;04.03.2023 15:59;FULL_APPLICATION;DECLINE
8268;1730;04.03.2023 16:00;SHORT_APPLICATION;DECLINE
8241;1731;04.03.2023 16:00;FULL_APPLICATION;DECLINE
8247;1732;04.03.2023 16:00;FULL_APPLICATION;DECLINE
8269;1733;04.03.2023 16:01;SHORT_APPLICATION;DECLINE
8270;1734;04.03.2023 16:02;SHORT_APPLICATION;NEXT
8271;1735;04.03.2023 16:03;SHORT_APPLICATION;NEXT
8272;1736;04.03.2023 16:04;SHORT_APPLICATION;NEXT
8273;1737;04.03.2023 16:05;SHORT_APPLICATION;NEXT
8242;1738;04.03.2023 16:05;FULL_APPLICATION;DECLINE
8261;1739;04.03.2023 16:05;FULL_APPLICATION;APPROVE
8274;1740;04.03.2023 16:06;SHORT_APPLICATION;NEXT
8244;1741;04.03.2023 16:06;FULL_APPLICATION;APPROVE
8253;1742;04.03.2023 16:06;FULL_APPLICATION;DECLINE
8266;1743;04.03.2023 16:06;FULL_APPLICATION;APPROVE
8275;1744;04.03.2023 16:07;SHORT_APPLICATION;NEXT
8260;1745;04.03.2023 16:07;FULL_APPLICATION;APPROVE
8276;1746;04.03.2023 16:08;SHORT_APPLICATION;NEXT
8249;1747;04.03.2023 16:08;FULL_APPLICATION;DECLINE
8277;1748;04.03.2023 16:09;SHORT_APPLICATION;DECLINE
8278;1749;04.03.2023 16:10;SHORT_APPLICATION;NEXT
8248;1750;04.03.2023 16:10;FULL_APPLICATION;DECLINE
8279;1751;04.03.2023 16:11;SHORT_APPLICATION;NEXT
8252;1752;04.03.2023 16:11;FULL_APPLICATION;APPROVE
8280;1753;04.03.2023 16:12;SHORT_APPLICATION;NEXT
8246;1754;04.03.2023 16:12;FULL_APPLICATION;DECLINE
8281;1755;04.03.2023 16:13;SHORT_APPLICATION;DECLINE
8282;1756;04.03.2023 16:14;SHORT_APPLICATION;NEXT
8283;1757;04.03.2023 16:15;SHORT_APPLICATION;DECLINE
8284;1758;04.03.2023 16:16;SHORT_APPLICATION;NEXT
8285;1759;04.03.2023 16:17;SHORT_APPLICATION;NEXT
8286;1760;04.03.2023 16:18;SHORT_APPLICATION;NEXT
8258;1761;04.03.2023 16:18;FULL_APPLICATION;APPROVE
8271;1762;04.03.2023 16:18;FULL_APPLICATION;DECLINE
8287;1763;04.03.2023 16:19;SHORT_APPLICATION;NEXT
8288;1764;04.03.2023 16:20;SHORT_APPLICATION;DECLINE
8254;1765;04.03.2023 16:20;FULL_APPLICATION;DECLINE
8289;1766;04.03.2023 16:21;SHORT_APPLICATION;NEXT
8255;1767;04.03.2023 16:21;FULL_APPLICATION;DECLINE
8290;1768;04.03.2023 16:22;SHORT_APPLICATION;NEXT
8267;1769;04.03.2023 16:22;FULL_APPLICATION;DECLINE
8291;1770;04.03.2023 16:23;SHORT_APPLICATION;NEXT
8292;1771;04.03.2023 16:24;SHORT_APPLICATION;NEXT
8256;1772;04.03.2023 16:24;FULL_APPLICATION;DECLINE
8272;1773;04.03.2023 16:24;FULL_APPLICATION;APPROVE
8293;1774;04.03.2023 16:25;SHORT_APPLICATION;DECLINE
8294;1775;04.03.2023 16:26;SHORT_APPLICATION;NEXT
8295;1776;04.03.2023 16:27;SHORT_APPLICATION;NEXT
8278;1777;04.03.2023 16:27;FULL_APPLICATION;DECLINE
8284;1778;04.03.2023 16:27;FULL_APPLICATION;DECLINE
8296;1779;04.03.2023 16:28;SHORT_APPLICATION;NEXT
8297;1780;04.03.2023 16:29;SHORT_APPLICATION;NEXT
8274;1781;04.03.2023 16:29;FULL_APPLICATION;DECLINE
8280;1782;04.03.2023 16:29;FULL_APPLICATION;DECLINE
8259;1783;04.03.2023 16:29;FULL_APPLICATION;APPROVE
8298;1784;04.03.2023 16:30;SHORT_APPLICATION;NEXT
8275;1785;04.03.2023 16:30;FULL_APPLICATION;DECLINE
8273;1786;04.03.2023 16:30;FULL_APPLICATION;DECLINE
8299;1787;04.03.2023 16:31;SHORT_APPLICATION;NEXT
8300;1788;04.03.2023 16:32;SHORT_APPLICATION;DECLINE
8270;1789;04.03.2023 16:32;FULL_APPLICATION;APPROVE
8286;1790;04.03.2023 16:32;FULL_APPLICATION;DECLINE
8301;1791;04.03.2023 16:33;SHORT_APPLICATION;NEXT
8264;1792;04.03.2023 16:33;FULL_APPLICATION;DECLINE
8302;1793;04.03.2023 16:34;SHORT_APPLICATION;NEXT
8303;1794;04.03.2023 16:35;SHORT_APPLICATION;NEXT
8304;1795;04.03.2023 16:36;SHORT_APPLICATION;DECLINE
8303;1796;04.03.2023 16:36;FULL_APPLICATION;DECLINE
8305;1797;04.03.2023 16:37;SHORT_APPLICATION;NEXT
8265;1798;04.03.2023 16:37;FULL_APPLICATION;DECLINE
8301;1799;04.03.2023 16:37;FULL_APPLICATION;DECLINE
8306;1800;04.03.2023 16:38;SHORT_APPLICATION;NEXT
8307;1801;04.03.2023 16:39;SHORT_APPLICATION;NEXT
8287;1802;04.03.2023 16:42;FULL_APPLICATION;DECLINE
8282;1803;04.03.2023 16:42;FULL_APPLICATION;APPROVE
8298;1804;04.03.2023 16:42;FULL_APPLICATION;DECLINE
8297;1805;04.03.2023 16:43;FULL_APPLICATION;DECLINE
8276;1806;04.03.2023 16:44;FULL_APPLICATION;DECLINE
8279;1807;04.03.2023 16:45;FULL_APPLICATION;DECLINE
8292;1808;04.03.2023 16:45;FULL_APPLICATION;DECLINE
8285;1809;04.03.2023 16:47;FULL_APPLICATION;APPROVE
8294;1810;04.03.2023 16:47;FULL_APPLICATION;DECLINE
8291;1811;04.03.2023 16:48;FULL_APPLICATION;DECLINE
8302;1812;04.03.2023 16:55;FULL_APPLICATION;DECLINE
8306;1813;04.03.2023 16:56;FULL_APPLICATION;DECLINE
8307;1814;04.03.2023 16:59;FULL_APPLICATION;DECLINE
8299;1815;04.03.2023 16:59;FULL_APPLICATION;DECLINE
8295;1816;04.03.2023 17:00;FULL_APPLICATION;APPROVE
8290;1817;04.03.2023 17:02;FULL_APPLICATION;APPROVE
8296;1818;04.03.2023 17:02;FULL_APPLICATION;DECLINE
8289;1819;04.03.2023 17:02;FULL_APPLICATION;DECLINE
8305;1820;04.03.2023 17:07;FULL_APPLICATION;DECLINE
